Fecha,USDMX,50d MA,100d MA,200d MA,,Año,Rendimiento del peso,,Periodo,Máximo,Mínimo
02/01/2020,18.88,19.19,19.40,19.27,,2020,-5.54%,,Año,18.1033,17.1392
03/01/2020,18.87,19.19,19.39,19.26,,2021,-2.81%,,Mes,17.8117,17.2447
06/01/2020,18.83,19.18,19.39,19.26,,2022,4.86%,,,,
07/01/2020,18.89,19.18,19.38,19.26,,2023,13.11%,,,,
08/01/2020,18.80,19.17,19.37,19.26,,2024,-22.86%,,,,
09/01/2020,18.85,19.17,19.37,19.26,,2025,13.4%,,,,
10/01/2020,18.77,19.16,19.36,19.26,,2026,3.72%,,,,
13/01/2020,18.82,19.16,19.35,19.26,,,,,,,
14/01/2020,18.81,19.15,19.34,19.26,,,,,,,
15/01/2020,18.81,19.14,19.33,19.25,,,,,,,
16/01/2020,18.79,19.14,19.32,19.25,,,,,,,
17/01/2020,18.74,19.13,19.31,19.25,,,,,,,
20/01/2020,18.67,19.12,19.30,19.25,,,,,,,
21/01/2020,18.70,19.11,19.28,19.24,,,,,,,
22/01/2020,18.69,19.10,19.27,19.24,,,,,,,
23/01/2020,18.80,19.09,19.26,19.24,,,,,,,
24/01/2020,18.83,19.09,19.25,19.24,,,,,,,
27/01/2020,18.94,19.08,19.23,19.24,,,,,,,
28/01/2020,18.80,19.07,19.22,19.24,,,,,,,
29/01/2020,18.71,19.05,19.21,19.24,,,,,,,
30/01/2020,18.79,19.05,19.20,19.24,,,,,,,
31/01/2020,18.91,19.04,19.20,19.24,,,,,,,
04/02/2020,18.68,19.02,19.19,19.24,,,,,,,
05/02/2020,18.62,19.00,19.18,19.24,,,,,,,
06/02/2020,18.66,18.99,19.17,19.24,,,,,,,
07/02/2020,18.78,18.98,19.16,19.23,,,,,,,
10/02/2020,18.77,18.96,19.16,19.23,,,,,,,
11/02/2020,18.67,18.94,19.15,19.23,,,,,,,
12/02/2020,18.63,18.92,19.14,19.23,,,,,,,
13/02/2020,18.65,18.91,19.13,19.23,,,,,,,
14/02/2020,18.57,18.89,19.13,19.23,,,,,,,
17/02/2020,18.57,18.87,19.12,19.22,,,,,,,
18/02/2020,18.60,18.85,19.11,19.22,,,,,,,
19/02/2020,18.59,18.83,19.10,19.22,,,,,,,
20/02/2020,18.80,18.82,19.09,19.22,,,,,,,
21/02/2020,18.91,18.82,19.08,19.22,,,,,,,
24/02/2020,19.12,18.81,19.08,19.22,,,,,,,
25/02/2020,19.09,18.81,19.07,19.21,,,,,,,
26/02/2020,19.16,18.81,19.06,19.22,,,,,,,
27/02/2020,19.40,18.82,19.06,19.22,,,,,,,
28/02/2020,19.78,18.84,19.06,19.22,,,,,,,
02/03/2020,19.70,18.85,19.06,19.22,,,,,,,
03/03/2020,19.28,18.86,19.06,19.22,,,,,,,
04/03/2020,19.53,18.87,19.06,19.23,,,,,,,
05/03/2020,19.81,18.89,19.06,19.23,,,,,,,
06/03/2020,20.16,18.91,19.07,19.24,,,,,,,
09/03/2020,21.11,18.96,19.09,19.25,,,,,,,
10/03/2020,21.03,19.00,19.11,19.26,,,,,,,
11/03/2020,21.21,19.05,19.13,19.27,,,,,,,
12/03/2020,22.15,19.11,19.16,19.28,,,,,,,
13/03/2020,21.93,19.18,19.19,19.30,,,,,,,
17/03/2020,23.06,19.26,19.22,19.31,,,,,,,
18/03/2020,23.90,19.36,19.27,19.33,,,,,,,
19/03/2020,24.09,19.46,19.32,19.36,,,,,,,
20/03/2020,24.11,19.57,19.37,19.38,,,,,,,
23/03/2020,25.08,19.70,19.43,19.41,,,,,,,
24/03/2020,25.12,19.82,19.49,19.43,,,,,,,
25/03/2020,24.29,19.93,19.54,19.46,,,,,,,
26/03/2020,23.10,20.02,19.58,19.48,,,,,,,
27/03/2020,23.51,20.11,19.63,19.50,,,,,,,
30/03/2020,24.29,20.22,19.68,19.53,,,,,,,
31/03/2020,23.48,20.32,19.72,19.55,,,,,,,
01/04/2020,24.49,20.43,19.77,19.57,,,,,,,
02/04/2020,24.11,20.54,19.82,19.60,,,,,,,
03/04/2020,24.69,20.66,19.88,19.63,,,,,,,
06/04/2020,24.69,20.78,19.94,19.65,,,,,,,
07/04/2020,24.04,20.88,19.98,19.68,,,,,,,
08/04/2020,24.09,20.99,20.03,19.70,,,,,,,
13/04/2020,23.74,21.08,20.08,19.73,,,,,,,
14/04/2020,23.56,21.18,20.12,19.75,,,,,,,
15/04/2020,24.12,21.29,20.17,19.77,,,,,,,
16/04/2020,24.21,21.39,20.22,19.80,,,,,,,
17/04/2020,23.90,21.50,20.26,19.82,,,,,,,
20/04/2020,24.01,21.61,20.31,19.85,,,,,,,
21/04/2020,24.42,21.72,20.36,19.87,,,,,,,
22/04/2020,24.59,21.84,20.41,19.90,,,,,,,
23/04/2020,24.62,21.96,20.46,19.93,,,,,,,
24/04/2020,24.86,22.08,20.51,19.96,,,,,,,
27/04/2020,24.85,22.20,20.56,19.99,,,,,,,
28/04/2020,24.39,22.32,20.61,20.01,,,,,,,
29/04/2020,24.00,22.43,20.66,20.04,,,,,,,
30/04/2020,23.93,22.53,20.70,20.06,,,,,,,
04/05/2020,24.38,22.65,20.75,20.09,,,,,,,
05/05/2020,23.83,22.75,20.79,20.11,,,,,,,
06/05/2020,24.29,22.86,20.84,20.14,,,,,,,
07/05/2020,24.06,22.97,20.89,20.17,,,,,,,
08/05/2020,23.68,23.06,20.94,20.19,,,,,,,
11/05/2020,23.87,23.15,20.98,20.21,,,,,,,
12/05/2020,24.05,23.25,21.03,20.24,,,,,,,
13/05/2020,24.21,23.35,21.09,20.26,,,,,,,
14/05/2020,24.27,23.44,21.14,20.29,,,,,,,
15/05/2020,23.96,23.52,21.19,20.31,,,,,,,
18/05/2020,23.60,23.61,21.24,20.34,,,,,,,
19/05/2020,23.60,23.69,21.28,20.36,,,,,,,
20/05/2020,23.30,23.76,21.33,20.38,,,,,,,
21/05/2020,22.96,23.82,21.37,20.40,,,,,,,
22/05/2020,22.79,23.85,21.40,20.42,,,,,,,
25/05/2020,22.56,23.88,21.44,20.43,,,,,,,
26/05/2020,22.29,23.90,21.48,20.45,,,,,,,
27/05/2020,22.36,23.91,21.51,20.46,,,,,,,
28/05/2020,22.20,23.91,21.54,20.47,,,,,,,
29/05/2020,22.18,23.89,21.58,20.49,,,,,,,
01/06/2020,22.02,23.86,21.61,20.50,,,,,,,
02/06/2020,21.68,23.81,21.64,20.51,,,,,,,
03/06/2020,21.60,23.76,21.66,20.52,,,,,,,
04/06/2020,21.84,23.69,21.69,20.53,,,,,,,
05/06/2020,21.58,23.62,21.72,20.54,,,,,,,
08/06/2020,21.66,23.57,21.75,20.55,,,,,,,
09/06/2020,21.73,23.54,21.78,20.56,,,,,,,
10/06/2020,21.92,23.51,21.81,20.57,,,,,,,
11/06/2020,22.43,23.47,21.85,20.58,,,,,,,
12/06/2020,22.33,23.45,21.88,20.60,,,,,,,
15/06/2020,22.54,23.41,21.92,20.61,,,,,,,
16/06/2020,22.22,23.37,21.96,20.62,,,,,,,
17/06/2020,22.28,23.33,21.99,20.63,,,,,,,
18/06/2020,22.61,23.28,22.03,20.64,,,,,,,
19/06/2020,22.63,23.26,22.07,20.66,,,,,,,
22/06/2020,22.44,23.22,22.10,20.67,,,,,,,
23/06/2020,22.41,23.20,22.14,20.68,,,,,,,
24/06/2020,22.67,23.18,22.18,20.70,,,,,,,
25/06/2020,22.80,23.15,22.22,20.71,,,,,,,
26/06/2020,22.97,23.13,22.26,20.73,,,,,,,
29/06/2020,23.13,23.11,22.31,20.75,,,,,,,
30/06/2020,23.09,23.09,22.35,20.76,,,,,,,
01/07/2020,22.81,23.06,22.39,20.78,,,,,,,
02/07/2020,22.52,23.02,22.43,20.80,,,,,,,
03/07/2020,22.41,22.98,22.47,20.81,,,,,,,
06/07/2020,22.28,22.92,22.50,20.83,,,,,,,
07/07/2020,22.62,22.88,22.54,20.84,,,,,,,
08/07/2020,22.82,22.85,22.58,20.86,,,,,,,
09/07/2020,22.69,22.82,22.62,20.87,,,,,,,
10/07/2020,22.53,22.79,22.66,20.89,,,,,,,
13/07/2020,22.46,22.76,22.70,20.91,,,,,,,
14/07/2020,22.62,22.73,22.74,20.92,,,,,,,
15/07/2020,22.36,22.69,22.78,20.93,,,,,,,
16/07/2020,22.30,22.66,22.81,20.95,,,,,,,
17/07/2020,22.49,22.63,22.85,20.96,,,,,,,
20/07/2020,22.63,22.61,22.88,20.98,,,,,,,
21/07/2020,22.36,22.58,22.91,20.99,,,,,,,
22/07/2020,22.25,22.54,22.94,21.00,,,,,,,
23/07/2020,22.36,22.50,22.97,21.01,,,,,,,
24/07/2020,22.38,22.47,23.00,21.03,,,,,,,
27/07/2020,22.03,22.44,23.02,21.04,,,,,,,
28/07/2020,21.96,22.40,23.05,21.05,,,,,,,
29/07/2020,21.99,22.38,23.07,21.07,,,,,,,
30/07/2020,22.17,22.36,23.09,21.08,,,,,,,
31/07/2020,22.20,22.35,23.10,21.09,,,,,,,
03/08/2020,22.61,22.35,23.12,21.11,,,,,,,
04/08/2020,22.78,22.36,23.13,21.13,,,,,,,
05/08/2020,22.41,22.36,23.13,21.15,,,,,,,
06/08/2020,22.37,22.36,23.14,21.16,,,,,,,
07/08/2020,22.49,22.37,23.13,21.18,,,,,,,
10/08/2020,22.49,22.38,23.12,21.20,,,,,,,
11/08/2020,22.35,22.39,23.10,21.21,,,,,,,
12/08/2020,22.35,22.41,23.08,21.23,,,,,,,
13/08/2020,22.26,22.42,23.06,21.24,,,,,,,
14/08/2020,22.03,22.43,23.02,21.26,,,,,,,
17/08/2020,22.06,22.43,23.00,21.27,,,,,,,
18/08/2020,22.15,22.44,22.99,21.29,,,,,,,
19/08/2020,22.05,22.44,22.98,21.30,,,,,,,
20/08/2020,22.18,22.44,22.96,21.32,,,,,,,
21/08/2020,22.04,22.43,22.94,21.33,,,,,,,
24/08/2020,21.98,22.42,22.92,21.35,,,,,,,
25/08/2020,21.97,22.42,22.90,21.36,,,,,,,
26/08/2020,21.92,22.41,22.87,21.37,,,,,,,
27/08/2020,22.12,22.40,22.84,21.39,,,,,,,
28/08/2020,21.86,22.38,22.82,21.40,,,,,,,
31/08/2020,21.89,22.37,22.80,21.42,,,,,,,
01/09/2020,21.74,22.36,22.78,21.43,,,,,,,
02/09/2020,21.84,22.34,22.76,21.44,,,,,,,
03/09/2020,21.64,22.32,22.74,21.45,,,,,,,
04/09/2020,21.61,22.29,22.71,21.46,,,,,,,
07/09/2020,21.59,22.26,22.69,21.47,,,,,,,
08/09/2020,21.71,22.24,22.66,21.49,,,,,,,
09/09/2020,21.54,22.21,22.64,21.50,,,,,,,
10/09/2020,21.28,22.18,22.60,21.50,,,,,,,
11/09/2020,21.32,22.16,22.57,21.51,,,,,,,
14/09/2020,21.07,22.14,22.53,21.52,,,,,,,
15/09/2020,21.07,22.11,22.49,21.53,,,,,,,
17/09/2020,20.99,22.07,22.46,21.54,,,,,,,
18/09/2020,20.97,22.04,22.43,21.54,,,,,,,
21/09/2020,21.51,22.02,22.41,21.55,,,,,,,
22/09/2020,21.57,22.00,22.38,21.56,,,,,,,
23/09/2020,22.09,21.99,22.36,21.58,,,,,,,
24/09/2020,22.37,21.99,22.34,21.59,,,,,,,
25/09/2020,22.44,21.99,22.32,21.61,,,,,,,
28/09/2020,22.46,21.99,22.31,21.62,,,,,,,
29/09/2020,22.36,21.98,22.30,21.64,,,,,,,
30/09/2020,22.14,21.98,22.28,21.66,,,,,,,
01/10/2020,21.96,21.97,22.26,21.67,,,,,,,
02/10/2020,21.70,21.96,22.23,21.68,,,,,,,
05/10/2020,21.40,21.94,22.20,21.70,,,,,,,
06/10/2020,21.45,21.93,22.18,21.71,,,,,,,
07/10/2020,21.49,21.92,22.16,21.72,,,,,,,
08/10/2020,21.43,21.91,22.14,21.73,,,,,,,
09/10/2020,21.18,21.89,22.13,21.75,,,,,,,
12/10/2020,21.22,21.87,22.11,21.76,,,,,,,
13/10/2020,21.37,21.84,22.10,21.77,,,,,,,
14/10/2020,21.30,21.82,22.09,21.78,,,,,,,
15/10/2020,21.38,21.79,22.08,21.79,,,,,,,
16/10/2020,21.18,21.77,22.07,21.81,,,,,,,
19/10/2020,21.13,21.74,22.06,21.82,,,,,,,
20/10/2020,21.09,21.72,22.05,21.83,,,,,,,
21/10/2020,21.06,21.69,22.04,21.84,,,,,,,
22/10/2020,21.03,21.66,22.04,21.85,,,,,,,
23/10/2020,20.92,21.64,22.03,21.86,,,,,,,
26/10/2020,20.98,21.62,22.02,21.87,,,,,,,
27/10/2020,20.88,21.59,22.01,21.88,,,,,,,
28/10/2020,21.16,21.57,22.01,21.89,,,,,,,
29/10/2020,21.38,21.56,22.00,21.91,,,,,,,
30/10/2020,21.25,21.54,21.99,21.92,,,,,,,
03/11/2020,21.16,21.52,21.98,21.93,,,,,,,
04/11/2020,21.03,21.50,21.96,21.94,,,,,,,
05/11/2020,20.76,21.48,21.95,21.95,,,,,,,
06/11/2020,20.62,21.45,21.93,21.96,,,,,,,
09/11/2020,20.36,21.42,21.91,21.97,,,,,,,
10/11/2020,20.40,21.39,21.89,21.98,,,,,,,
11/11/2020,20.58,21.36,21.87,21.99,,,,,,,
12/11/2020,20.53,21.34,21.85,22.00,,,,,,,
13/11/2020,20.48,21.31,21.83,22.00,,,,,,,
17/11/2020,20.32,21.29,21.80,22.01,,,,,,,
18/11/2020,20.24,21.26,21.78,22.02,,,,,,,
19/11/2020,20.19,21.23,21.75,22.03,,,,,,,
20/11/2020,20.12,21.20,21.72,22.03,,,,,,,
23/11/2020,20.10,21.17,21.69,22.04,,,,,,,
24/11/2020,20.06,21.14,21.66,22.05,,,,,,,
25/11/2020,20.05,21.12,21.64,22.05,,,,,,,
26/11/2020,20.05,21.10,21.62,22.06,,,,,,,
27/11/2020,20.08,21.08,21.59,22.07,,,,,,,
30/11/2020,20.14,21.06,21.57,22.08,,,,,,,
01/12/2020,20.05,21.04,21.54,22.08,,,,,,,
02/12/2020,20.05,21.01,21.52,22.09,,,,,,,
03/12/2020,19.91,20.98,21.49,22.10,,,,,,,
04/12/2020,19.78,20.94,21.46,22.10,,,,,,,
07/12/2020,19.82,20.88,21.44,22.11,,,,,,,
08/12/2020,19.75,20.83,21.41,22.11,,,,,,,
09/12/2020,19.84,20.78,21.38,22.12,,,,,,,
10/12/2020,19.96,20.73,21.36,22.12,,,,,,,
11/12/2020,20.11,20.69,21.33,22.12,,,,,,,
14/12/2020,20.18,20.65,21.31,22.13,,,,,,,
15/12/2020,20.11,20.62,21.29,22.13,,,,,,,
16/12/2020,19.95,20.59,21.27,22.13,,,,,,,
17/12/2020,19.82,20.56,21.25,22.13,,,,,,,
18/12/2020,19.95,20.53,21.22,22.14,,,,,,,
21/12/2020,20.09,20.50,21.21,22.14,,,,,,,
22/12/2020,20.06,20.48,21.18,22.14,,,,,,,
23/12/2020,20.12,20.46,21.16,22.13,,,,,,,
24/12/2020,19.85,20.43,21.14,22.13,,,,,,,
28/12/2020,20.05,20.40,21.11,22.12,,,,,,,
29/12/2020,19.95,20.37,21.08,22.11,,,,,,,
30/12/2020,19.94,20.35,21.06,22.10,,,,,,,
31/12/2020,19.91,20.32,21.03,22.08,,,,,,,
04/01/2021,19.85,20.30,21.01,22.06,,,,,,,
05/01/2021,19.94,20.28,20.98,22.04,,,,,,,
06/01/2021,19.73,20.25,20.96,22.02,,,,,,,
07/01/2021,19.91,20.23,20.93,21.99,,,,,,,
08/01/2021,19.97,20.21,20.91,21.97,,,,,,,
11/01/2021,20.11,20.20,20.89,21.95,,,,,,,
12/01/2021,19.94,20.17,20.87,21.93,,,,,,,
13/01/2021,19.79,20.14,20.85,21.91,,,,,,,
14/01/2021,19.78,20.11,20.83,21.89,,,,,,,
15/01/2021,19.79,20.08,20.80,21.87,,,,,,,
18/01/2021,19.76,20.06,20.78,21.85,,,,,,,
19/01/2021,19.68,20.04,20.76,21.83,,,,,,,
20/01/2021,19.58,20.01,20.73,21.80,,,,,,,
21/01/2021,19.74,20.00,20.71,21.78,,,,,,,
22/01/2021,19.98,19.99,20.69,21.76,,,,,,,
25/01/2021,20.16,19.99,20.67,21.74,,,,,,,
26/01/2021,20.02,19.98,20.66,21.72,,,,,,,
27/01/2021,20.22,19.97,20.64,21.70,,,,,,,
28/01/2021,20.27,19.97,20.63,21.68,,,,,,,
29/01/2021,20.22,19.97,20.61,21.66,,,,,,,
02/02/2021,20.17,19.97,20.60,21.64,,,,,,,
03/02/2021,20.20,19.97,20.58,21.62,,,,,,,
04/02/2021,20.44,19.98,20.57,21.60,,,,,,,
05/02/2021,20.14,19.98,20.56,21.58,,,,,,,
08/02/2021,20.12,19.98,20.55,21.56,,,,,,,
09/02/2021,20.09,19.98,20.54,21.54,,,,,,,
10/02/2021,20.06,19.98,20.53,21.51,,,,,,,
11/02/2021,19.95,19.98,20.52,21.49,,,,,,,
12/02/2021,19.96,19.97,20.51,21.47,,,,,,,
15/02/2021,19.95,19.97,20.49,21.45,,,,,,,
16/02/2021,20.20,19.98,20.48,21.43,,,,,,,
17/02/2021,20.23,19.99,20.46,21.41,,,,,,,
18/02/2021,20.42,20.00,20.44,21.39,,,,,,,
19/02/2021,20.42,20.01,20.42,21.37,,,,,,,
22/02/2021,20.68,20.03,20.40,21.36,,,,,,,
23/02/2021,20.58,20.04,20.39,21.34,,,,,,,
24/02/2021,20.48,20.05,20.37,21.32,,,,,,,
25/02/2021,20.85,20.06,20.36,21.31,,,,,,,
26/02/2021,20.94,20.08,20.35,21.29,,,,,,,
01/03/2021,20.61,20.09,20.34,21.27,,,,,,,
02/03/2021,20.69,20.11,20.34,21.26,,,,,,,
03/03/2021,20.90,20.13,20.33,21.25,,,,,,,
04/03/2021,20.85,20.14,20.32,21.23,,,,,,,
05/03/2021,21.26,20.17,20.32,21.22,,,,,,,
08/03/2021,21.42,20.19,20.33,21.22,,,,,,,
09/03/2021,21.26,20.22,20.33,21.21,,,,,,,
10/03/2021,20.99,20.24,20.32,21.20,,,,,,,
11/03/2021,20.71,20.26,20.32,21.20,,,,,,,
12/03/2021,20.76,20.27,20.31,21.19,,,,,,,
16/03/2021,20.58,20.29,20.31,21.18,,,,,,,
17/03/2021,20.68,20.30,20.30,21.17,,,,,,,
18/03/2021,20.44,20.31,20.30,21.17,,,,,,,
19/03/2021,20.48,20.33,20.29,21.16,,,,,,,
22/03/2021,20.58,20.34,20.29,21.16,,,,,,,
23/03/2021,20.64,20.36,20.28,21.15,,,,,,,
24/03/2021,20.79,20.37,20.28,21.15,,,,,,,
25/03/2021,20.77,20.39,20.28,21.14,,,,,,,
26/03/2021,20.57,20.40,20.27,21.14,,,,,,,
29/03/2021,20.60,20.42,20.26,21.13,,,,,,,
30/03/2021,20.60,20.43,20.26,21.12,,,,,,,
31/03/2021,20.44,20.45,20.25,21.11,,,,,,,
05/04/2021,20.25,20.46,20.25,21.10,,,,,,,
06/04/2021,20.16,20.47,20.24,21.09,,,,,,,
07/04/2021,20.18,20.48,20.24,21.08,,,,,,,
08/04/2021,20.09,20.48,20.24,21.06,,,,,,,
09/04/2021,20.16,20.48,20.23,21.05,,,,,,,
12/04/2021,20.10,20.48,20.23,21.04,,,,,,,
13/04/2021,20.07,20.48,20.23,21.03,,,,,,,
14/04/2021,20.06,20.48,20.22,21.01,,,,,,,
15/04/2021,19.93,20.47,20.22,21.00,,,,,,,
16/04/2021,19.92,20.46,20.22,20.98,,,,,,,
19/04/2021,19.81,20.46,20.21,20.97,,,,,,,
20/04/2021,19.89,20.45,20.21,20.95,,,,,,,
21/04/2021,19.87,20.44,20.21,20.94,,,,,,,
22/04/2021,19.89,20.44,20.21,20.92,,,,,,,
23/04/2021,19.87,20.43,20.21,20.91,,,,,,,
26/04/2021,19.84,20.43,20.20,20.90,,,,,,,
27/04/2021,19.98,20.43,20.20,20.88,,,,,,,
28/04/2021,19.97,20.43,20.20,20.87,,,,,,,
29/04/2021,20.10,20.43,20.20,20.86,,,,,,,
30/04/2021,20.18,20.43,20.20,20.85,,,,,,,
03/05/2021,20.19,20.43,20.21,20.84,,,,,,,
04/05/2021,20.22,20.43,20.21,20.82,,,,,,,
05/05/2021,20.21,20.42,20.22,20.81,,,,,,,
06/05/2021,20.18,20.41,20.22,20.80,,,,,,,
07/05/2021,19.92,20.40,20.22,20.79,,,,,,,
10/05/2021,19.89,20.39,20.22,20.78,,,,,,,
11/05/2021,19.88,20.37,20.22,20.76,,,,,,,
12/05/2021,20.09,20.35,20.22,20.75,,,,,,,
13/05/2021,20.05,20.34,20.22,20.74,,,,,,,
14/05/2021,19.85,20.32,20.22,20.73,,,,,,,
17/05/2021,19.80,20.30,20.21,20.72,,,,,,,
18/05/2021,19.83,20.28,20.21,20.71,,,,,,,
19/05/2021,19.81,20.25,20.21,20.70,,,,,,,
20/05/2021,19.88,20.22,20.21,20.69,,,,,,,
21/05/2021,19.95,20.19,20.21,20.67,,,,,,,
24/05/2021,19.87,20.17,20.21,20.66,,,,,,,
25/05/2021,19.89,20.16,20.21,20.65,,,,,,,
26/05/2021,19.88,20.14,20.21,20.63,,,,,,,
27/05/2021,19.95,20.13,20.21,20.62,,,,,,,
28/05/2021,19.94,20.11,20.21,20.61,,,,,,,
31/05/2021,19.92,20.10,20.21,20.60,,,,,,,
01/06/2021,19.89,20.09,20.21,20.58,,,,,,,
02/06/2021,19.93,20.08,20.21,20.57,,,,,,,
03/06/2021,20.06,20.06,20.21,20.56,,,,,,,
04/06/2021,19.93,20.05,20.21,20.55,,,,,,,
07/06/2021,19.80,20.03,20.21,20.54,,,,,,,
08/06/2021,19.77,20.01,20.21,20.53,,,,,,,
09/06/2021,19.69,19.99,20.21,20.52,,,,,,,
10/06/2021,19.70,19.97,20.20,20.50,,,,,,,
11/06/2021,19.88,19.96,20.21,20.49,,,,,,,
14/06/2021,19.91,19.96,20.21,20.48,,,,,,,
15/06/2021,20.12,19.96,20.21,20.47,,,,,,,
16/06/2021,20.06,19.95,20.22,20.46,,,,,,,
17/06/2021,20.43,19.96,20.22,20.46,,,,,,,
18/06/2021,20.70,19.97,20.23,20.45,,,,,,,
21/06/2021,20.60,19.98,20.23,20.44,,,,,,,
22/06/2021,20.57,19.99,20.24,20.44,,,,,,,
23/06/2021,20.25,20.00,20.24,20.43,,,,,,,
24/06/2021,20.05,20.00,20.23,20.42,,,,,,,
25/06/2021,19.79,20.00,20.23,20.41,,,,,,,
28/06/2021,19.80,19.99,20.23,20.41,,,,,,,
29/06/2021,19.82,19.99,20.22,20.40,,,,,,,
30/06/2021,19.91,19.99,20.22,20.39,,,,,,,
01/07/2021,20.04,20.00,20.22,20.38,,,,,,,
02/07/2021,19.88,20.00,20.21,20.38,,,,,,,
05/07/2021,19.85,20.00,20.21,20.37,,,,,,,
06/07/2021,19.97,20.00,20.21,20.37,,,,,,,
07/07/2021,19.99,20.00,20.21,20.36,,,,,,,
08/07/2021,20.01,20.00,20.21,20.35,,,,,,,
09/07/2021,19.88,19.99,20.21,20.35,,,,,,,
12/07/2021,19.86,19.98,20.21,20.33,,,,,,,
13/07/2021,20.00,19.98,20.20,20.32,,,,,,,
14/07/2021,19.90,19.97,20.20,20.31,,,,,,,
15/07/2021,19.94,19.97,20.19,20.30,,,,,,,
16/07/2021,19.85,19.97,20.18,20.28,,,,,,,
19/07/2021,20.00,19.97,20.18,20.27,,,,,,,
20/07/2021,20.13,19.97,20.17,20.26,,,,,,,
21/07/2021,20.19,19.98,20.16,20.26,,,,,,,
22/07/2021,20.18,19.98,20.16,20.25,,,,,,,
23/07/2021,20.02,19.98,20.15,20.24,,,,,,,
26/07/2021,20.02,19.99,20.14,20.24,,,,,,,
27/07/2021,19.98,19.99,20.13,20.23,,,,,,,
28/07/2021,19.95,19.99,20.12,20.22,,,,,,,
29/07/2021,19.84,19.99,20.11,20.22,,,,,,,
30/07/2021,19.85,19.99,20.09,20.21,,,,,,,
02/08/2021,19.85,19.99,20.08,20.20,,,,,,,
03/08/2021,19.89,19.99,20.07,20.19,,,,,,,
04/08/2021,19.95,19.99,20.06,20.19,,,,,,,
05/08/2021,19.93,19.99,20.06,20.18,,,,,,,
06/08/2021,20.00,19.99,20.05,20.18,,,,,,,
09/08/2021,20.06,19.99,20.05,20.17,,,,,,,
10/08/2021,20.10,20.00,20.04,20.17,,,,,,,
11/08/2021,19.95,20.00,20.04,20.16,,,,,,,
12/08/2021,19.89,20.00,20.03,20.16,,,,,,,
13/08/2021,19.86,19.99,20.02,20.15,,,,,,,
16/08/2021,19.89,20.00,20.01,20.14,,,,,,,
17/08/2021,19.99,20.00,20.01,20.14,,,,,,,
18/08/2021,20.01,20.01,20.00,20.13,,,,,,,
19/08/2021,20.12,20.01,19.99,20.13,,,,,,,
20/08/2021,20.40,20.03,19.99,20.12,,,,,,,
23/08/2021,20.39,20.03,20.00,20.12,,,,,,,
24/08/2021,20.30,20.04,20.00,20.12,,,,,,,
25/08/2021,20.29,20.04,20.00,20.12,,,,,,,
26/08/2021,20.35,20.04,20.00,20.12,,,,,,,
27/08/2021,20.23,20.03,20.00,20.12,,,,,,,
30/08/2021,20.14,20.02,20.00,20.12,,,,,,,
31/08/2021,20.06,20.01,20.00,20.11,,,,,,,
01/09/2021,19.96,20.01,20.00,20.11,,,,,,,
02/09/2021,19.97,20.01,20.00,20.11,,,,,,,
03/09/2021,19.90,20.01,20.00,20.11,,,,,,,
06/09/2021,19.89,20.01,20.00,20.11,,,,,,,
07/09/2021,19.94,20.01,20.00,20.11,,,,,,,
08/09/2021,19.94,20.01,20.00,20.11,,,,,,,
09/09/2021,19.93,20.01,20.00,20.11,,,,,,,
10/09/2021,19.87,20.01,20.00,20.10,,,,,,,
13/09/2021,19.87,20.01,20.00,20.10,,,,,,,
14/09/2021,19.90,20.01,20.00,20.10,,,,,,,
15/09/2021,19.90,20.01,20.00,20.10,,,,,,,
17/09/2021,19.99,20.01,20.00,20.10,,,,,,,
20/09/2021,20.17,20.01,20.00,20.10,,,,,,,
21/09/2021,20.14,20.02,20.00,20.10,,,,,,,
22/09/2021,20.03,20.02,20.00,20.11,,,,,,,
23/09/2021,20.03,20.02,20.00,20.11,,,,,,,
24/09/2021,20.11,20.03,20.00,20.11,,,,,,,
27/09/2021,20.11,20.03,20.00,20.11,,,,,,,
28/09/2021,20.31,20.04,20.00,20.11,,,,,,,
29/09/2021,20.50,20.04,20.01,20.11,,,,,,,
30/09/2021,20.56,20.05,20.01,20.11,,,,,,,
01/10/2021,20.51,20.06,20.02,20.12,,,,,,,
04/10/2021,20.57,20.07,20.03,20.12,,,,,,,
05/10/2021,20.58,20.08,20.03,20.12,,,,,,,
06/10/2021,20.69,20.09,20.04,20.13,,,,,,,
07/10/2021,20.60,20.11,20.05,20.13,,,,,,,
08/10/2021,20.73,20.12,20.06,20.13,,,,,,,
11/10/2021,20.80,20.14,20.07,20.14,,,,,,,
12/10/2021,20.78,20.16,20.08,20.14,,,,,,,
13/10/2021,20.68,20.18,20.08,20.14,,,,,,,
14/10/2021,20.61,20.19,20.09,20.15,,,,,,,
15/10/2021,20.47,20.20,20.10,20.15,,,,,,,
18/10/2021,20.36,20.21,20.10,20.15,,,,,,,
19/10/2021,20.26,20.21,20.10,20.16,,,,,,,
20/10/2021,20.19,20.21,20.11,20.16,,,,,,,
21/10/2021,20.26,20.22,20.11,20.16,,,,,,,
22/10/2021,20.18,20.23,20.11,20.16,,,,,,,
25/10/2021,20.19,20.23,20.11,20.16,,,,,,,
26/10/2021,20.19,20.24,20.12,20.16,,,,,,,
27/10/2021,20.19,20.24,20.12,20.16,,,,,,,
28/10/2021,20.33,20.25,20.13,20.17,,,,,,,
29/10/2021,20.53,20.26,20.14,20.17,,,,,,,
01/11/2021,20.86,20.27,20.15,20.18,,,,,,,
03/11/2021,20.84,20.28,20.16,20.18,,,,,,,
04/11/2021,20.62,20.28,20.16,20.19,,,,,,,
05/11/2021,20.39,20.28,20.16,20.19,,,,,,,
08/11/2021,20.33,20.28,20.16,20.19,,,,,,,
09/11/2021,20.28,20.29,20.16,20.19,,,,,,,
10/11/2021,20.47,20.29,20.16,20.19,,,,,,,
11/11/2021,20.47,20.30,20.16,20.20,,,,,,,
12/11/2021,20.51,20.31,20.16,20.20,,,,,,,
16/11/2021,20.81,20.33,20.17,20.20,,,,,,,
17/11/2021,20.69,20.34,20.18,20.20,,,,,,,
18/11/2021,20.76,20.36,20.19,20.21,,,,,,,
19/11/2021,20.83,20.38,20.20,20.21,,,,,,,
22/11/2021,20.96,20.40,20.21,20.21,,,,,,,
23/11/2021,21.21,20.42,20.22,20.22,,,,,,,
24/11/2021,21.44,20.46,20.23,20.22,,,,,,,
25/11/2021,21.55,20.49,20.25,20.23,,,,,,,
26/11/2021,21.82,20.53,20.27,20.24,,,,,,,
29/11/2021,21.73,20.56,20.29,20.25,,,,,,,
30/11/2021,21.45,20.59,20.30,20.26,,,,,,,
01/12/2021,21.27,20.62,20.31,20.26,,,,,,,
02/12/2021,21.30,20.64,20.33,20.27,,,,,,,
03/12/2021,21.42,20.67,20.34,20.27,,,,,,,
06/12/2021,21.20,20.69,20.36,20.28,,,,,,,
07/12/2021,21.09,20.71,20.37,20.28,,,,,,,
08/12/2021,20.93,20.73,20.38,20.28,,,,,,,
09/12/2021,21.03,20.74,20.39,20.28,,,,,,,
10/12/2021,20.89,20.75,20.40,20.28,,,,,,,
13/12/2021,20.94,20.76,20.40,20.28,,,,,,,
14/12/2021,21.17,20.77,20.41,20.29,,,,,,,
15/12/2021,21.24,20.78,20.43,20.29,,,,,,,
16/12/2021,20.92,20.79,20.43,20.29,,,,,,,
17/12/2021,20.73,20.79,20.44,20.29,,,,,,,
20/12/2021,20.74,20.79,20.45,20.29,,,,,,,
21/12/2021,20.78,20.79,20.46,20.28,,,,,,,
22/12/2021,20.75,20.79,20.47,20.28,,,,,,,
23/12/2021,20.66,20.79,20.48,20.28,,,,,,,
24/12/2021,20.61,20.79,20.48,20.28,,,,,,,
27/12/2021,20.68,20.79,20.49,20.28,,,,,,,
28/12/2021,20.58,20.79,20.50,20.28,,,,,,,
29/12/2021,20.58,20.80,20.50,20.28,,,,,,,
30/12/2021,20.52,20.80,20.51,20.28,,,,,,,
31/12/2021,20.47,20.81,20.51,20.28,,,,,,,
03/01/2022,20.59,20.81,20.52,20.28,,,,,,,
04/01/2022,20.47,20.82,20.52,20.28,,,,,,,
05/01/2022,20.40,20.82,20.53,20.27,,,,,,,
06/01/2022,20.46,20.83,20.53,20.27,,,,,,,
07/01/2022,20.42,20.83,20.54,20.27,,,,,,,
10/01/2022,20.45,20.84,20.54,20.27,,,,,,,
11/01/2022,20.38,20.83,20.55,20.27,,,,,,,
12/01/2022,20.37,20.82,20.55,20.27,,,,,,,
13/01/2022,20.36,20.81,20.55,20.27,,,,,,,
14/01/2022,20.31,20.81,20.55,20.27,,,,,,,
17/01/2022,20.30,20.81,20.55,20.27,,,,,,,
18/01/2022,20.40,20.81,20.55,20.27,,,,,,,
19/01/2022,20.46,20.81,20.55,20.27,,,,,,,
20/01/2022,20.45,20.81,20.55,20.28,,,,,,,
21/01/2022,20.46,20.81,20.56,20.28,,,,,,,
24/01/2022,20.63,20.81,20.56,20.28,,,,,,,
25/01/2022,20.67,20.81,20.57,20.29,,,,,,,
26/01/2022,20.64,20.81,20.58,20.29,,,,,,,
27/01/2022,20.74,20.81,20.58,20.29,,,,,,,
28/01/2022,20.86,20.81,20.59,20.30,,,,,,,
31/01/2022,20.64,20.80,20.60,20.30,,,,,,,
01/02/2022,20.58,20.79,20.61,20.31,,,,,,,
02/02/2022,20.60,20.77,20.61,20.31,,,,,,,
03/02/2022,20.56,20.75,20.62,20.31,,,,,,,
04/02/2022,20.73,20.73,20.63,20.32,,,,,,,
08/02/2022,20.64,20.71,20.64,20.32,,,,,,,
09/02/2022,20.50,20.69,20.64,20.32,,,,,,,
10/02/2022,20.41,20.67,20.65,20.32,,,,,,,
11/02/2022,20.42,20.66,20.65,20.32,,,,,,,
14/02/2022,20.41,20.64,20.65,20.33,,,,,,,
15/02/2022,20.40,20.62,20.66,20.33,,,,,,,
16/02/2022,20.33,20.61,20.66,20.33,,,,,,,
17/02/2022,20.30,20.59,20.66,20.33,,,,,,,
18/02/2022,20.31,20.58,20.66,20.33,,,,,,,
21/02/2022,20.28,20.57,20.66,20.33,,,,,,,
22/02/2022,20.30,20.55,20.65,20.33,,,,,,,
23/02/2022,20.24,20.53,20.65,20.33,,,,,,,
24/02/2022,20.65,20.52,20.65,20.34,,,,,,,
25/02/2022,20.45,20.51,20.65,20.34,,,,,,,
28/02/2022,20.43,20.51,20.65,20.35,,,,,,,
01/03/2022,20.53,20.50,20.65,20.35,,,,,,,
02/03/2022,20.72,20.50,20.65,20.35,,,,,,,
03/03/2022,20.70,20.50,20.65,20.36,,,,,,,
04/03/2022,20.93,20.51,20.65,20.36,,,,,,,
07/03/2022,21.19,20.52,20.65,20.37,,,,,,,
08/03/2022,21.38,20.53,20.66,20.38,,,,,,,
09/03/2022,20.97,20.54,20.67,20.38,,,,,,,
10/03/2022,20.97,20.55,20.67,20.39,,,,,,,
11/03/2022,20.97,20.56,20.68,20.39,,,,,,,
14/03/2022,20.89,20.56,20.69,20.40,,,,,,,
15/03/2022,20.87,20.57,20.69,20.40,,,,,,,
16/03/2022,20.70,20.58,20.70,20.40,,,,,,,
17/03/2022,20.56,20.58,20.70,20.41,,,,,,,
18/03/2022,20.41,20.58,20.70,20.41,,,,,,,
22/03/2022,20.28,20.57,20.70,20.41,,,,,,,
23/03/2022,20.18,20.57,20.70,20.42,,,,,,,
24/03/2022,20.13,20.56,20.70,20.42,,,,,,,
25/03/2022,19.96,20.56,20.69,20.42,,,,,,,
28/03/2022,20.12,20.55,20.68,20.42,,,,,,,
29/03/2022,19.99,20.55,20.68,20.42,,,,,,,
30/03/2022,19.86,20.54,20.67,20.42,,,,,,,
31/03/2022,19.91,20.53,20.67,20.41,,,,,,,
01/04/2022,19.84,20.51,20.66,20.41,,,,,,,
04/04/2022,19.74,20.50,20.66,20.41,,,,,,,
05/04/2022,19.90,20.49,20.65,20.40,,,,,,,
06/04/2022,20.07,20.48,20.65,20.40,,,,,,,
07/04/2022,20.16,20.47,20.64,20.40,,,,,,,
08/04/2022,20.12,20.46,20.63,20.40,,,,,,,
11/04/2022,20.01,20.44,20.63,20.41,,,,,,,
12/04/2022,19.84,20.42,20.62,20.41,,,,,,,
13/04/2022,19.80,20.41,20.60,20.40,,,,,,,
18/04/2022,19.94,20.39,20.59,20.40,,,,,,,
19/04/2022,20.04,20.38,20.58,20.41,,,,,,,
20/04/2022,20.04,20.37,20.56,20.41,,,,,,,
21/04/2022,20.18,20.36,20.55,20.41,,,,,,,
22/04/2022,20.32,20.35,20.53,20.41,,,,,,,
25/04/2022,20.30,20.35,20.52,20.41,,,,,,,
26/04/2022,20.36,20.35,20.51,20.41,,,,,,,
27/04/2022,20.47,20.35,20.50,20.42,,,,,,,
28/04/2022,20.57,20.35,20.49,20.42,,,,,,,
29/04/2022,20.37,20.35,20.49,20.42,,,,,,,
02/05/2022,20.41,20.35,20.48,20.42,,,,,,,
03/05/2022,20.34,20.35,20.47,20.43,,,,,,,
04/05/2022,20.25,20.35,20.47,20.43,,,,,,,
05/05/2022,20.22,20.35,20.46,20.43,,,,,,,
06/05/2022,20.11,20.35,20.45,20.43,,,,,,,
09/05/2022,20.32,20.35,20.44,20.43,,,,,,,
10/05/2022,20.37,20.34,20.43,20.43,,,,,,,
11/05/2022,20.26,20.34,20.43,20.43,,,,,,,
12/05/2022,20.32,20.34,20.42,20.43,,,,,,,
13/05/2022,20.14,20.33,20.42,20.43,,,,,,,
16/05/2022,20.08,20.32,20.41,20.43,,,,,,,
17/05/2022,19.96,20.30,20.40,20.44,,,,,,,
18/05/2022,19.97,20.28,20.39,20.44,,,,,,,
19/05/2022,19.93,20.26,20.39,20.44,,,,,,,
20/05/2022,19.87,20.23,20.38,20.44,,,,,,,
23/05/2022,19.83,20.21,20.37,20.43,,,,,,,
24/05/2022,19.89,20.18,20.37,20.43,,,,,,,
25/05/2022,19.84,20.16,20.36,20.43,,,,,,,
26/05/2022,19.79,20.14,20.35,20.43,,,,,,,
27/05/2022,19.60,20.11,20.34,20.43,,,,,,,
30/05/2022,19.50,20.09,20.33,20.43,,,,,,,
31/05/2022,19.69,20.07,20.33,20.43,,,,,,,
01/06/2022,19.74,20.06,20.32,20.43,,,,,,,
02/06/2022,19.56,20.04,20.31,20.42,,,,,,,
03/06/2022,19.57,20.03,20.30,20.42,,,,,,,
06/06/2022,19.55,20.02,20.29,20.42,,,,,,,
07/06/2022,19.60,20.01,20.28,20.42,,,,,,,
08/06/2022,19.59,20.00,20.28,20.41,,,,,,,
09/06/2022,19.61,19.99,20.27,20.41,,,,,,,
10/06/2022,19.93,20.00,20.27,20.41,,,,,,,
13/06/2022,20.45,20.01,20.27,20.41,,,,,,,
14/06/2022,20.66,20.02,20.27,20.41,,,,,,,
15/06/2022,20.67,20.04,20.27,20.41,,,,,,,
16/06/2022,20.57,20.06,20.27,20.41,,,,,,,
17/06/2022,20.48,20.06,20.27,20.42,,,,,,,
20/06/2022,20.24,20.07,20.27,20.42,,,,,,,
21/06/2022,20.20,20.07,20.26,20.42,,,,,,,
22/06/2022,20.05,20.07,20.25,20.42,,,,,,,
23/06/2022,20.04,20.07,20.25,20.42,,,,,,,
24/06/2022,19.87,20.07,20.24,20.42,,,,,,,
27/06/2022,19.88,20.07,20.23,20.42,,,,,,,
28/06/2022,19.98,20.07,20.23,20.42,,,,,,,
29/06/2022,20.14,20.07,20.22,20.42,,,,,,,
30/06/2022,20.13,20.07,20.22,20.42,,,,,,,
01/07/2022,20.38,20.07,20.21,20.43,,,,,,,
04/07/2022,20.29,20.07,20.21,20.43,,,,,,,
05/07/2022,20.56,20.08,20.21,20.43,,,,,,,
06/07/2022,20.72,20.08,20.22,20.43,,,,,,,
07/07/2022,20.60,20.08,20.22,20.43,,,,,,,
08/07/2022,20.44,20.08,20.22,20.44,,,,,,,
11/07/2022,20.75,20.09,20.22,20.44,,,,,,,
12/07/2022,20.79,20.10,20.23,20.44,,,,,,,
13/07/2022,20.76,20.11,20.23,20.45,,,,,,,
14/07/2022,20.94,20.12,20.24,20.45,,,,,,,
15/07/2022,20.61,20.13,20.24,20.45,,,,,,,
18/07/2022,20.40,20.14,20.24,20.45,,,,,,,
19/07/2022,20.44,20.14,20.24,20.45,,,,,,,
20/07/2022,20.49,20.14,20.24,20.45,,,,,,,
21/07/2022,20.66,20.15,20.24,20.45,,,,,,,
22/07/2022,20.52,20.16,20.24,20.45,,,,,,,
25/07/2022,20.47,20.16,20.24,20.44,,,,,,,
26/07/2022,20.43,20.17,20.24,20.44,,,,,,,
27/07/2022,20.51,20.18,20.23,20.44,,,,,,,
28/07/2022,20.38,20.19,20.23,20.44,,,,,,,
29/07/2022,20.35,20.20,20.22,20.44,,,,,,,
01/08/2022,20.26,20.21,20.21,20.44,,,,,,,
02/08/2022,20.52,20.22,20.20,20.44,,,,,,,
03/08/2022,20.63,20.24,20.20,20.44,,,,,,,
04/08/2022,20.34,20.25,20.19,20.44,,,,,,,
05/08/2022,20.40,20.27,20.19,20.44,,,,,,,
08/08/2022,20.28,20.28,20.19,20.44,,,,,,,
09/08/2022,20.27,20.29,20.18,20.44,,,,,,,
10/08/2022,19.96,20.30,20.18,20.44,,,,,,,
11/08/2022,19.96,20.31,20.18,20.44,,,,,,,
12/08/2022,19.87,20.31,20.17,20.44,,,,,,,
15/08/2022,19.86,20.32,20.17,20.43,,,,,,,
16/08/2022,19.93,20.33,20.17,20.43,,,,,,,
17/08/2022,20.04,20.33,20.17,20.43,,,,,,,
18/08/2022,20.08,20.34,20.17,20.42,,,,,,,
19/08/2022,20.20,20.35,20.17,20.42,,,,,,,
22/08/2022,20.16,20.34,20.17,20.42,,,,,,,
23/08/2022,20.00,20.33,20.18,20.42,,,,,,,
24/08/2022,19.92,20.31,20.18,20.42,,,,,,,
25/08/2022,19.94,20.30,20.18,20.41,,,,,,,
26/08/2022,19.93,20.29,20.18,20.41,,,,,,,
29/08/2022,19.99,20.29,20.18,20.41,,,,,,,
30/08/2022,20.15,20.29,20.18,20.40,,,,,,,
31/08/2022,20.10,20.29,20.18,20.40,,,,,,,
01/09/2022,20.25,20.29,20.18,20.40,,,,,,,
02/09/2022,19.98,20.29,20.18,20.39,,,,,,,
05/09/2022,19.96,20.29,20.18,20.39,,,,,,,
06/09/2022,20.14,20.30,20.18,20.38,,,,,,,
07/09/2022,20.03,20.29,20.18,20.37,,,,,,,
08/09/2022,20.02,20.29,20.18,20.36,,,,,,,
09/09/2022,19.90,20.28,20.18,20.35,,,,,,,
12/09/2022,19.80,20.27,20.17,20.35,,,,,,,
13/09/2022,20.06,20.26,20.17,20.34,,,,,,,
14/09/2022,19.98,20.25,20.16,20.33,,,,,,,
15/09/2022,20.05,20.24,20.16,20.33,,,,,,,
19/09/2022,19.99,20.23,20.16,20.32,,,,,,,
20/09/2022,20.00,20.21,20.15,20.32,,,,,,,
21/09/2022,20.00,20.20,20.15,20.31,,,,,,,
22/09/2022,19.96,20.18,20.15,20.31,,,,,,,
23/09/2022,20.16,20.17,20.15,20.30,,,,,,,
26/09/2022,20.35,20.16,20.15,20.30,,,,,,,
27/09/2022,20.36,20.16,20.15,20.30,,,,,,,
28/09/2022,20.31,20.16,20.15,20.29,,,,,,,
29/09/2022,20.19,20.15,20.15,20.29,,,,,,,
30/09/2022,20.09,20.14,20.14,20.28,,,,,,,
03/10/2022,20.00,20.13,20.14,20.28,,,,,,,
04/10/2022,19.97,20.12,20.14,20.28,,,,,,,
05/10/2022,20.13,20.11,20.14,20.27,,,,,,,
06/10/2022,20.11,20.11,20.14,20.27,,,,,,,
07/10/2022,20.05,20.10,20.15,20.27,,,,,,,
10/10/2022,19.98,20.09,20.15,20.26,,,,,,,
11/10/2022,19.97,20.09,20.15,20.26,,,,,,,
12/10/2022,20.04,20.08,20.15,20.26,,,,,,,
13/10/2022,20.04,20.06,20.15,20.26,,,,,,,
14/10/2022,20.08,20.06,20.16,20.25,,,,,,,
17/10/2022,19.99,20.05,20.16,20.25,,,,,,,
18/10/2022,20.02,20.05,20.16,20.25,,,,,,,
19/10/2022,20.13,20.04,20.17,20.25,,,,,,,
20/10/2022,20.04,20.04,20.17,20.24,,,,,,,
21/10/2022,19.96,20.04,20.18,20.24,,,,,,,
24/10/2022,19.95,20.05,20.18,20.24,,,,,,,
25/10/2022,19.87,20.05,20.18,20.24,,,,,,,
26/10/2022,19.86,20.05,20.19,20.23,,,,,,,
27/10/2022,19.84,20.04,20.19,20.23,,,,,,,
28/10/2022,19.83,20.04,20.19,20.23,,,,,,,
31/10/2022,19.82,20.03,20.19,20.23,,,,,,,
01/11/2022,19.75,20.02,20.18,20.22,,,,,,,
03/11/2022,19.67,20.01,20.17,20.22,,,,,,,
04/11/2022,19.52,20.01,20.16,20.22,,,,,,,
07/11/2022,19.46,20.00,20.15,20.21,,,,,,,
08/11/2022,19.48,19.99,20.14,20.20,,,,,,,
09/11/2022,19.59,19.98,20.13,20.20,,,,,,,
10/11/2022,19.39,19.96,20.12,20.19,,,,,,,
11/11/2022,19.54,19.95,20.12,20.19,,,,,,,
14/11/2022,19.40,19.94,20.11,20.18,,,,,,,
15/11/2022,19.38,19.92,20.11,20.17,,,,,,,
16/11/2022,19.31,19.91,20.10,20.17,,,,,,,
17/11/2022,19.43,19.90,20.10,20.16,,,,,,,
18/11/2022,19.49,19.89,20.09,20.16,,,,,,,
22/11/2022,19.47,19.88,20.08,20.15,,,,,,,
23/11/2022,19.37,19.86,20.07,20.14,,,,,,,
24/11/2022,19.37,19.86,20.06,20.14,,,,,,,
25/11/2022,19.34,19.84,20.05,20.13,,,,,,,
28/11/2022,19.33,19.83,20.04,20.13,,,,,,,
29/11/2022,19.22,19.81,20.02,20.12,,,,,,,
30/11/2022,19.40,19.80,20.01,20.12,,,,,,,
01/12/2022,19.14,19.78,20.00,20.11,,,,,,,
02/12/2022,19.34,19.77,19.98,20.11,,,,,,,
05/12/2022,19.76,19.77,19.97,20.10,,,,,,,
06/12/2022,19.80,19.76,19.96,20.10,,,,,,,
07/12/2022,19.70,19.75,19.95,20.10,,,,,,,
08/12/2022,19.67,19.73,19.95,20.09,,,,,,,
09/12/2022,19.82,19.72,19.94,20.09,,,,,,,
13/12/2022,19.65,19.71,19.93,20.09,,,,,,,
14/12/2022,19.70,19.70,19.92,20.08,,,,,,,
15/12/2022,19.80,19.70,19.91,20.08,,,,,,,
16/12/2022,19.79,19.70,19.91,20.07,,,,,,,
19/12/2022,19.76,19.69,19.90,20.07,,,,,,,
20/12/2022,19.75,19.68,19.89,20.06,,,,,,,
21/12/2022,19.69,19.67,19.89,20.06,,,,,,,
22/12/2022,19.57,19.67,19.88,20.05,,,,,,,
23/12/2022,19.43,19.65,19.87,20.04,,,,,,,
26/12/2022,19.40,19.64,19.86,20.03,,,,,,,
27/12/2022,19.44,19.63,19.85,20.02,,,,,,,
28/12/2022,19.41,19.62,19.84,20.02,,,,,,,
29/12/2022,19.36,19.60,19.83,20.01,,,,,,,
30/12/2022,19.47,19.59,19.82,20.00,,,,,,,
02/01/2023,19.49,19.58,19.81,20.00,,,,,,,
03/01/2023,19.42,19.57,19.81,19.99,,,,,,,
04/01/2023,19.36,19.56,19.80,19.99,,,,,,,
05/01/2023,19.37,19.54,19.80,19.98,,,,,,,
06/01/2023,19.18,19.53,19.79,19.98,,,,,,,
09/01/2023,19.16,19.52,19.78,19.97,,,,,,,
10/01/2023,19.11,19.50,19.77,19.97,,,,,,,
11/01/2023,19.03,19.49,19.76,19.97,,,,,,,
12/01/2023,18.87,19.47,19.75,19.96,,,,,,,
13/01/2023,18.79,19.45,19.73,19.95,,,,,,,
16/01/2023,18.79,19.43,19.72,19.95,,,,,,,
17/01/2023,18.75,19.41,19.71,19.94,,,,,,,
18/01/2023,18.75,19.40,19.70,19.94,,,,,,,
19/01/2023,19.03,19.39,19.69,19.93,,,,,,,
20/01/2023,18.93,19.38,19.68,19.93,,,,,,,
23/01/2023,18.83,19.37,19.67,19.92,,,,,,,
24/01/2023,18.83,19.35,19.65,19.91,,,,,,,
25/01/2023,18.82,19.34,19.64,19.91,,,,,,,
26/01/2023,18.84,19.33,19.63,19.90,,,,,,,
27/01/2023,18.79,19.32,19.62,19.90,,,,,,,
30/01/2023,18.78,19.31,19.60,19.89,,,,,,,
31/01/2023,18.79,19.29,19.59,19.89,,,,,,,
01/02/2023,18.74,19.28,19.58,19.88,,,,,,,
02/02/2023,18.62,19.26,19.56,19.87,,,,,,,
03/02/2023,18.89,19.25,19.55,19.86,,,,,,,
07/02/2023,19.05,19.25,19.54,19.86,,,,,,,
08/02/2023,18.94,19.24,19.53,19.85,,,,,,,
09/02/2023,18.95,19.23,19.52,19.84,,,,,,,
10/02/2023,18.69,19.22,19.51,19.83,,,,,,,
13/02/2023,18.63,19.21,19.50,19.82,,,,,,,
14/02/2023,18.54,19.19,19.48,19.82,,,,,,,
15/02/2023,18.64,19.17,19.47,19.81,,,,,,,
16/02/2023,18.55,19.15,19.45,19.80,,,,,,,
17/02/2023,18.41,19.12,19.43,19.79,,,,,,,
20/02/2023,18.40,19.10,19.41,19.78,,,,,,,
21/02/2023,18.39,19.07,19.39,19.77,,,,,,,
22/02/2023,18.35,19.04,19.38,19.76,,,,,,,
23/02/2023,18.41,19.02,19.36,19.75,,,,,,,
24/02/2023,18.40,18.99,19.34,19.74,,,,,,,
27/02/2023,18.41,18.96,19.33,19.73,,,,,,,
28/02/2023,18.34,18.93,19.31,19.73,,,,,,,
01/03/2023,18.17,18.90,19.29,19.72,,,,,,,
02/03/2023,18.13,18.87,19.27,19.71,,,,,,,
03/03/2023,18.01,18.84,19.25,19.70,,,,,,,
06/03/2023,18.01,18.81,19.23,19.69,,,,,,,
07/03/2023,18.12,18.78,19.21,19.68,,,,,,,
08/03/2023,17.97,18.75,19.19,19.67,,,,,,,
09/03/2023,18.06,18.73,19.17,19.66,,,,,,,
10/03/2023,18.41,18.71,19.16,19.66,,,,,,,
13/03/2023,18.83,18.70,19.14,19.65,,,,,,,
14/03/2023,18.64,18.68,19.13,19.65,,,,,,,
15/03/2023,19.00,18.67,19.12,19.65,,,,,,,
16/03/2023,18.91,18.66,19.11,19.64,,,,,,,
17/03/2023,18.90,18.65,19.10,19.64,,,,,,,
21/03/2023,18.68,18.64,19.09,19.63,,,,,,,
22/03/2023,18.54,18.63,19.07,19.63,,,,,,,
23/03/2023,18.49,18.62,19.06,19.62,,,,,,,
24/03/2023,18.52,18.61,19.05,19.62,,,,,,,
27/03/2023,18.38,18.60,19.03,19.61,,,,,,,
28/03/2023,18.25,18.59,19.02,19.60,,,,,,,
29/03/2023,18.11,18.57,19.00,19.59,,,,,,,
30/03/2023,18.09,18.56,18.99,19.57,,,,,,,
31/03/2023,18.04,18.55,18.97,19.56,,,,,,,
03/04/2023,18.11,18.53,18.96,19.55,,,,,,,
04/04/2023,18.12,18.51,18.94,19.54,,,,,,,
05/04/2023,18.33,18.50,18.93,19.53,,,,,,,
10/04/2023,18.18,18.49,18.92,19.52,,,,,,,
11/04/2023,18.19,18.47,18.91,19.51,,,,,,,
12/04/2023,18.07,18.46,18.89,19.50,,,,,,,
13/04/2023,18.02,18.44,18.88,19.49,,,,,,,
14/04/2023,18.06,18.43,18.87,19.48,,,,,,,
17/04/2023,18.09,18.42,18.85,19.47,,,,,,,
18/04/2023,18.06,18.40,18.84,19.46,,,,,,,
19/04/2023,18.04,18.39,18.83,19.45,,,,,,,
20/04/2023,18.01,18.37,18.81,19.44,,,,,,,
21/04/2023,18.00,18.35,18.80,19.43,,,,,,,
24/04/2023,18.01,18.33,18.79,19.41,,,,,,,
25/04/2023,18.09,18.32,18.78,19.40,,,,,,,
26/04/2023,18.10,18.30,18.76,19.39,,,,,,,
27/04/2023,18.07,18.29,18.75,19.37,,,,,,,
28/04/2023,18.00,18.28,18.74,19.36,,,,,,,
02/05/2023,18.03,18.27,18.72,19.35,,,,,,,
03/05/2023,17.91,18.26,18.70,19.33,,,,,,,
04/05/2023,17.96,18.25,18.68,19.32,,,,,,,
05/05/2023,17.79,18.24,18.67,19.31,,,,,,,
08/05/2023,17.82,18.22,18.65,19.29,,,,,,,
09/05/2023,17.76,18.21,18.63,19.28,,,,,,,
10/05/2023,17.58,18.20,18.61,19.26,,,,,,,
11/05/2023,17.63,18.18,18.58,19.25,,,,,,,
12/05/2023,17.61,18.16,18.56,19.24,,,,,,,
15/05/2023,17.54,18.15,18.54,19.22,,,,,,,
16/05/2023,17.47,18.13,18.52,19.21,,,,,,,
17/05/2023,17.59,18.12,18.50,19.19,,,,,,,
18/05/2023,17.73,18.12,18.48,19.18,,,,,,,
19/05/2023,17.69,18.11,18.46,19.17,,,,,,,
22/05/2023,17.87,18.11,18.45,19.15,,,,,,,
23/05/2023,17.97,18.11,18.43,19.14,,,,,,,
24/05/2023,17.82,18.10,18.41,19.13,,,,,,,
25/05/2023,17.83,18.09,18.40,19.11,,,,,,,
26/05/2023,17.67,18.07,18.38,19.10,,,,,,,
29/05/2023,17.56,18.05,18.36,19.09,,,,,,,
30/05/2023,17.65,18.02,18.34,19.08,,,,,,,
31/05/2023,17.74,18.00,18.33,19.06,,,,,,,
01/06/2023,17.57,17.97,18.31,19.05,,,,,,,
02/06/2023,17.51,17.95,18.29,19.04,,,,,,,
05/06/2023,17.47,17.92,18.28,19.03,,,,,,,
06/06/2023,17.42,17.90,18.26,19.02,,,,,,,
07/06/2023,17.36,17.88,18.24,19.00,,,,,,,
08/06/2023,17.41,17.86,18.23,18.99,,,,,,,
09/06/2023,17.28,17.84,18.21,18.97,,,,,,,
12/06/2023,17.31,17.82,18.20,18.96,,,,,,,
13/06/2023,17.22,17.81,18.18,18.95,,,,,,,
14/06/2023,17.12,17.79,18.17,18.93,,,,,,,
15/06/2023,17.18,17.77,18.15,18.92,,,,,,,
16/06/2023,17.08,17.75,18.13,18.90,,,,,,,
19/06/2023,17.09,17.72,18.11,18.89,,,,,,,
20/06/2023,17.20,17.71,18.10,18.87,,,,,,,
21/06/2023,17.15,17.68,18.08,18.86,,,,,,,
22/06/2023,17.17,17.67,18.06,18.85,,,,,,,
23/06/2023,17.18,17.65,18.05,18.83,,,,,,,
26/06/2023,17.14,17.63,18.03,18.82,,,,,,,
27/06/2023,17.10,17.61,18.01,18.80,,,,,,,
28/06/2023,17.07,17.59,18.00,18.79,,,,,,,
29/06/2023,17.12,17.57,17.98,18.77,,,,,,,
30/06/2023,17.14,17.56,17.96,18.76,,,,,,,
03/07/2023,17.05,17.54,17.94,18.74,,,,,,,
04/07/2023,17.03,17.52,17.93,18.73,,,,,,,
05/07/2023,17.00,17.50,17.91,18.71,,,,,,,
06/07/2023,17.28,17.48,17.89,18.70,,,,,,,
07/07/2023,17.10,17.46,17.88,18.69,,,,,,,
10/07/2023,17.06,17.44,17.86,18.67,,,,,,,
11/07/2023,17.08,17.42,17.85,18.66,,,,,,,
12/07/2023,16.85,17.40,17.83,18.64,,,,,,,
13/07/2023,16.89,17.38,17.81,18.62,,,,,,,
14/07/2023,16.79,17.36,17.80,18.61,,,,,,,
17/07/2023,16.79,17.34,17.78,18.59,,,,,,,
18/07/2023,16.75,17.32,17.77,18.57,,,,,,,
19/07/2023,16.77,17.30,17.75,18.55,,,,,,,
20/07/2023,16.85,17.29,17.73,18.54,,,,,,,
21/07/2023,16.94,17.27,17.72,18.52,,,,,,,
24/07/2023,16.84,17.26,17.70,18.51,,,,,,,
25/07/2023,16.91,17.25,17.69,18.49,,,,,,,
26/07/2023,16.88,17.23,17.68,18.48,,,,,,,
27/07/2023,16.73,17.21,17.67,18.46,,,,,,,
28/07/2023,16.69,17.19,17.65,18.44,,,,,,,
31/07/2023,16.73,17.17,17.64,18.43,,,,,,,
01/08/2023,16.85,17.15,17.63,18.41,,,,,,,
02/08/2023,17.02,17.13,17.62,18.39,,,,,,,
03/08/2023,17.29,17.12,17.61,18.38,,,,,,,
04/08/2023,17.06,17.11,17.59,18.37,,,,,,,
07/08/2023,17.06,17.10,17.57,18.35,,,,,,,
08/08/2023,17.11,17.09,17.55,18.34,,,,,,,
09/08/2023,17.08,17.08,17.54,18.32,,,,,,,
10/08/2023,16.95,17.06,17.52,18.31,,,,,,,
11/08/2023,17.00,17.05,17.50,18.29,,,,,,,
14/08/2023,17.07,17.05,17.48,18.28,,,,,,,
15/08/2023,17.14,17.04,17.47,18.27,,,,,,,
16/08/2023,17.08,17.03,17.46,18.25,,,,,,,
17/08/2023,17.12,17.03,17.44,18.24,,,,,,,
18/08/2023,17.05,17.02,17.43,18.22,,,,,,,
21/08/2023,17.02,17.02,17.42,18.21,,,,,,,
22/08/2023,16.93,17.01,17.41,18.20,,,,,,,
23/08/2023,16.81,17.01,17.40,18.18,,,,,,,
24/08/2023,16.81,17.00,17.38,18.17,,,,,,,
25/08/2023,16.77,16.99,17.37,18.16,,,,,,,
28/08/2023,16.74,16.98,17.35,18.14,,,,,,,
29/08/2023,16.84,16.98,17.34,18.13,,,,,,,
30/08/2023,16.75,16.97,17.33,18.12,,,,,,,
31/08/2023,16.92,16.96,17.32,18.11,,,,,,,
01/09/2023,17.11,16.96,17.31,18.09,,,,,,,
04/09/2023,17.18,16.96,17.30,18.08,,,,,,,
05/09/2023,17.35,16.97,17.29,18.07,,,,,,,
06/09/2023,17.58,16.98,17.29,18.06,,,,,,,
07/09/2023,17.55,16.99,17.28,18.05,,,,,,,
08/09/2023,17.58,17.00,17.28,18.04,,,,,,,
11/09/2023,17.38,17.00,17.27,18.03,,,,,,,
12/09/2023,17.26,17.01,17.26,18.02,,,,,,,
13/09/2023,17.12,17.01,17.25,18.01,,,,,,,
14/09/2023,17.10,17.01,17.24,18.00,,,,,,,
15/09/2023,17.08,17.01,17.23,17.99,,,,,,,
18/09/2023,17.13,17.01,17.22,17.98,,,,,,,
19/09/2023,17.08,17.01,17.21,17.97,,,,,,,
20/09/2023,17.02,17.01,17.21,17.95,,,,,,,
21/09/2023,17.17,17.02,17.20,17.94,,,,,,,
22/09/2023,17.16,17.02,17.19,17.93,,,,,,,
25/09/2023,17.37,17.04,17.19,17.92,,,,,,,
26/09/2023,17.48,17.05,17.18,17.91,,,,,,,
27/09/2023,17.73,17.07,17.19,17.90,,,,,,,
28/09/2023,17.62,17.08,17.19,17.88,,,,,,,
29/09/2023,17.41,17.09,17.18,17.87,,,,,,,
02/10/2023,17.59,17.11,17.18,17.86,,,,,,,
03/10/2023,17.90,17.13,17.19,17.85,,,,,,,
04/10/2023,18.02,17.15,17.19,17.84,,,,,,,
05/10/2023,18.24,17.18,17.20,17.84,,,,,,,
06/10/2023,18.18,17.21,17.20,17.83,,,,,,,
09/10/2023,18.35,17.24,17.21,17.83,,,,,,,
10/10/2023,17.99,17.27,17.21,17.82,,,,,,,
11/10/2023,17.84,17.28,17.21,17.81,,,,,,,
12/10/2023,17.91,17.30,17.21,17.80,,,,,,,
13/10/2023,18.04,17.32,17.21,17.80,,,,,,,
16/10/2023,17.96,17.33,17.22,17.79,,,,,,,
17/10/2023,17.91,17.35,17.22,17.78,,,,,,,
18/10/2023,18.24,17.37,17.22,17.78,,,,,,,
19/10/2023,18.29,17.40,17.23,17.77,,,,,,,
20/10/2023,18.23,17.42,17.24,17.77,,,,,,,
23/10/2023,18.12,17.45,17.25,17.76,,,,,,,
24/10/2023,18.28,17.47,17.25,17.76,,,,,,,
25/10/2023,18.31,17.49,17.26,17.75,,,,,,,
26/10/2023,18.22,17.51,17.27,17.75,,,,,,,
27/10/2023,18.08,17.54,17.28,17.75,,,,,,,
30/10/2023,18.06,17.56,17.29,17.74,,,,,,,
31/10/2023,18.04,17.58,17.29,17.74,,,,,,,
01/11/2023,17.93,17.60,17.30,17.73,,,,,,,
03/11/2023,17.41,17.61,17.31,17.73,,,,,,,
06/11/2023,17.53,17.63,17.31,17.72,,,,,,,
07/11/2023,17.51,17.64,17.31,17.71,,,,,,,
08/11/2023,17.50,17.66,17.32,17.71,,,,,,,
09/11/2023,17.49,17.67,17.32,17.70,,,,,,,
10/11/2023,17.75,17.69,17.33,17.69,,,,,,,
13/11/2023,17.61,17.70,17.33,17.69,,,,,,,
14/11/2023,17.39,17.70,17.33,17.68,,,,,,,
15/11/2023,17.34,17.70,17.34,17.67,,,,,,,
16/11/2023,17.27,17.70,17.34,17.67,,,,,,,
17/11/2023,17.22,17.69,17.34,17.66,,,,,,,
21/11/2023,17.21,17.68,17.34,17.65,,,,,,,
22/11/2023,17.21,17.68,17.34,17.64,,,,,,,
23/11/2023,17.18,17.68,17.34,17.63,,,,,,,
24/11/2023,17.13,17.68,17.34,17.62,,,,,,,
27/11/2023,17.16,17.68,17.34,17.62,,,,,,,
28/11/2023,17.14,17.68,17.34,17.61,,,,,,,
29/11/2023,17.19,17.68,17.34,17.60,,,,,,,
30/11/2023,17.37,17.69,17.35,17.60,,,,,,,
01/12/2023,17.21,17.69,17.35,17.59,,,,,,,
04/12/2023,17.41,17.69,17.36,17.58,,,,,,,
05/12/2023,17.42,17.70,17.36,17.58,,,,,,,
06/12/2023,17.27,17.70,17.37,17.57,,,,,,,
07/12/2023,17.42,17.70,17.37,17.57,,,,,,,
08/12/2023,17.37,17.69,17.38,17.56,,,,,,,
11/12/2023,17.45,17.69,17.39,17.56,,,,,,,
13/12/2023,17.40,17.69,17.39,17.55,,,,,,,
14/12/2023,17.30,17.68,17.39,17.55,,,,,,,
15/12/2023,17.19,17.67,17.40,17.54,,,,,,,
18/12/2023,17.23,17.65,17.40,17.54,,,,,,,
19/12/2023,17.07,17.63,17.40,17.54,,,,,,,
20/12/2023,17.07,17.60,17.41,17.53,,,,,,,
21/12/2023,17.06,17.58,17.41,17.53,,,,,,,
22/12/2023,16.97,17.56,17.41,17.52,,,,,,,
26/12/2023,16.97,17.54,17.41,17.51,,,,,,,
27/12/2023,16.92,17.52,17.41,17.51,,,,,,,
28/12/2023,16.89,17.50,17.41,17.50,,,,,,,
29/12/2023,16.92,17.48,17.41,17.49,,,,,,,
02/01/2024,17.03,17.46,17.40,17.48,,,,,,,
03/01/2024,17.05,17.44,17.40,17.47,,,,,,,
04/01/2024,17.05,17.41,17.41,17.46,,,,,,,
05/01/2024,16.90,17.38,17.40,17.45,,,,,,,
08/01/2024,16.81,17.36,17.40,17.44,,,,,,,
09/01/2024,16.93,17.33,17.40,17.44,,,,,,,
10/01/2024,16.99,17.30,17.40,17.43,,,,,,,
11/01/2024,16.99,17.28,17.40,17.42,,,,,,,
12/01/2024,16.86,17.26,17.40,17.41,,,,,,,
15/01/2024,16.90,17.23,17.39,17.41,,,,,,,
16/01/2024,17.16,17.21,17.40,17.40,,,,,,,
17/01/2024,17.30,17.20,17.40,17.40,,,,,,,
18/01/2024,17.20,17.20,17.41,17.39,,,,,,,
19/01/2024,17.13,17.19,17.41,17.39,,,,,,,
22/01/2024,17.11,17.18,17.41,17.38,,,,,,,
23/01/2024,17.35,17.18,17.42,17.38,,,,,,,
24/01/2024,17.17,17.17,17.42,17.37,,,,,,,
25/01/2024,17.24,17.16,17.43,17.37,,,,,,,
26/01/2024,17.17,17.15,17.43,17.37,,,,,,,
29/01/2024,17.23,17.15,17.43,17.36,,,,,,,
30/01/2024,17.19,17.15,17.42,17.36,,,,,,,
31/01/2024,17.16,17.15,17.42,17.35,,,,,,,
01/02/2024,17.13,17.14,17.42,17.35,,,,,,,
02/02/2024,17.14,17.14,17.41,17.34,,,,,,,
06/02/2024,17.04,17.14,17.41,17.34,,,,,,,
07/02/2024,17.04,17.14,17.41,17.33,,,,,,,
08/02/2024,17.10,17.14,17.41,17.33,,,,,,,
09/02/2024,17.09,17.13,17.41,17.32,,,,,,,
12/02/2024,17.07,17.13,17.41,17.32,,,,,,,
13/02/2024,17.20,17.13,17.41,17.32,,,,,,,
14/02/2024,17.11,17.13,17.41,17.31,,,,,,,
15/02/2024,17.07,17.12,17.41,17.31,,,,,,,
16/02/2024,17.06,17.12,17.41,17.30,,,,,,,
19/02/2024,17.05,17.11,17.41,17.30,,,,,,,
20/02/2024,17.05,17.11,17.40,17.29,,,,,,,
21/02/2024,17.06,17.10,17.40,17.29,,,,,,,
22/02/2024,17.12,17.09,17.39,17.29,,,,,,,
23/02/2024,17.13,17.09,17.39,17.29,,,,,,,
26/02/2024,17.13,17.08,17.38,17.28,,,,,,,
27/02/2024,17.06,17.08,17.38,17.28,,,,,,,
28/02/2024,17.10,17.08,17.37,17.28,,,,,,,
29/02/2024,17.06,17.07,17.36,17.28,,,,,,,
01/03/2024,17.02,17.07,17.35,17.27,,,,,,,
04/03/2024,16.98,17.07,17.34,17.27,,,,,,,
05/03/2024,16.93,17.07,17.32,17.27,,,,,,,
06/03/2024,16.87,17.06,17.31,17.26,,,,,,,
07/03/2024,16.88,17.06,17.30,17.25,,,,,,,
08/03/2024,16.80,17.06,17.29,17.25,,,,,,,
11/03/2024,16.81,17.06,17.28,17.25,,,,,,,
12/03/2024,16.83,17.06,17.27,17.24,,,,,,,
13/03/2024,16.71,17.05,17.25,17.24,,,,,,,
14/03/2024,16.69,17.04,17.24,17.23,,,,,,,
15/03/2024,16.71,17.04,17.22,17.23,,,,,,,
19/03/2024,16.85,17.04,17.21,17.22,,,,,,,
20/03/2024,16.76,17.03,17.20,17.22,,,,,,,
21/03/2024,16.76,17.03,17.18,17.22,,,,,,,
22/03/2024,16.74,17.03,17.17,17.21,,,,,,,
25/03/2024,16.70,17.02,17.15,17.21,,,,,,,
26/03/2024,16.68,17.02,17.14,17.21,,,,,,,
27/03/2024,16.53,17.01,17.12,17.20,,,,,,,
01/04/2024,16.66,17.00,17.11,17.20,,,,,,,
02/04/2024,16.57,16.98,17.09,17.20,,,,,,,
03/04/2024,16.54,16.97,17.08,17.19,,,,,,,
04/04/2024,16.52,16.96,17.07,17.19,,,,,,,
05/04/2024,16.48,16.95,17.06,17.19,,,,,,,
08/04/2024,16.34,16.93,17.05,17.18,,,,,,,
09/04/2024,16.39,16.91,17.04,17.18,,,,,,,
10/04/2024,16.49,16.90,17.03,17.18,,,,,,,
11/04/2024,16.46,16.88,17.02,17.17,,,,,,,
12/04/2024,16.67,16.87,17.01,17.17,,,,,,,
15/04/2024,16.68,16.86,17.00,17.17,,,,,,,
16/04/2024,17.03,16.86,17.00,17.17,,,,,,,
17/04/2024,16.99,16.85,17.00,17.17,,,,,,,
18/04/2024,17.11,16.85,17.00,17.17,,,,,,,
19/04/2024,17.21,16.86,17.00,17.17,,,,,,,
22/04/2024,17.12,16.86,17.00,17.17,,,,,,,
23/04/2024,17.00,16.86,17.00,17.17,,,,,,,
24/04/2024,17.11,16.86,17.00,17.17,,,,,,,
25/04/2024,17.19,16.86,17.00,17.17,,,,,,,
26/04/2024,17.16,16.86,17.00,17.17,,,,,,,
29/04/2024,17.02,16.86,16.99,17.17,,,,,,,
30/04/2024,17.10,16.86,16.99,17.17,,,,,,,
02/05/2024,16.94,16.86,16.99,17.17,,,,,,,
03/05/2024,17.00,16.85,16.98,17.17,,,,,,,
06/05/2024,16.89,16.85,16.98,17.17,,,,,,,
07/05/2024,16.91,16.85,16.97,17.17,,,,,,,
08/05/2024,16.91,16.84,16.97,17.17,,,,,,,
09/05/2024,16.87,16.84,16.96,17.17,,,,,,,
10/05/2024,16.77,16.83,16.96,17.17,,,,,,,
13/05/2024,16.81,16.83,16.95,17.17,,,,,,,
14/05/2024,16.85,16.82,16.95,17.17,,,,,,,
15/05/2024,16.68,16.81,16.94,17.17,,,,,,,
16/05/2024,16.69,16.81,16.94,17.17,,,,,,,
17/05/2024,16.62,16.80,16.93,17.17,,,,,,,
20/05/2024,16.57,16.79,16.93,17.17,,,,,,,
21/05/2024,16.61,16.79,16.93,17.17,,,,,,,
22/05/2024,16.64,16.78,16.92,17.17,,,,,,,
23/05/2024,16.69,16.78,16.92,17.16,,,,,,,
24/05/2024,16.70,16.78,16.92,17.16,,,,,,,
27/05/2024,16.66,16.78,16.92,17.16,,,,,,,
28/05/2024,16.75,16.78,16.91,17.16,,,,,,,
29/05/2024,16.95,16.78,16.91,17.16,,,,,,,
30/05/2024,16.94,16.79,16.91,17.16,,,,,,,
31/05/2024,17.02,16.79,16.91,17.16,,,,,,,
03/06/2024,17.63,16.81,16.92,17.16,,,,,,,
04/06/2024,17.86,16.83,16.93,17.16,,,,,,,
05/06/2024,17.56,16.85,16.94,17.17,,,,,,,
06/06/2024,17.53,16.86,16.94,17.17,,,,,,,
07/06/2024,18.26,16.89,16.95,17.18,,,,,,,
10/06/2024,18.38,16.93,16.97,17.18,,,,,,,
11/06/2024,18.45,16.97,16.98,17.19,,,,,,,
12/06/2024,18.78,17.01,17.00,17.20,,,,,,,
13/06/2024,18.54,17.05,17.01,17.21,,,,,,,
14/06/2024,18.45,17.09,17.02,17.22,,,,,,,
17/06/2024,18.52,17.13,17.04,17.23,,,,,,,
18/06/2024,18.41,17.17,17.05,17.23,,,,,,,
19/06/2024,18.42,17.21,17.06,17.24,,,,,,,
20/06/2024,18.40,17.25,17.07,17.25,,,,,,,
21/06/2024,18.18,17.29,17.08,17.25,,,,,,,
24/06/2024,17.96,17.31,17.09,17.26,,,,,,,
25/06/2024,18.14,17.34,17.10,17.26,,,,,,,
26/06/2024,18.22,17.36,17.11,17.27,,,,,,,
27/06/2024,18.38,17.39,17.12,17.27,,,,,,,
28/06/2024,18.25,17.41,17.13,17.27,,,,,,,
01/07/2024,18.39,17.44,17.15,17.28,,,,,,,
02/07/2024,18.25,17.46,17.16,17.28,,,,,,,
03/07/2024,18.14,17.48,17.17,17.29,,,,,,,
04/07/2024,18.10,17.50,17.18,17.29,,,,,,,
05/07/2024,18.10,17.52,17.19,17.30,,,,,,,
08/07/2024,18.01,17.54,17.20,17.30,,,,,,,
09/07/2024,17.94,17.56,17.21,17.31,,,,,,,
10/07/2024,17.83,17.57,17.21,17.31,,,,,,,
11/07/2024,17.82,17.59,17.22,17.31,,,,,,,
12/07/2024,17.65,17.60,17.23,17.32,,,,,,,
15/07/2024,17.78,17.62,17.24,17.32,,,,,,,
16/07/2024,17.68,17.63,17.24,17.32,,,,,,,
17/07/2024,17.74,17.65,17.25,17.32,,,,,,,
18/07/2024,17.89,17.67,17.26,17.32,,,,,,,
19/07/2024,18.00,17.70,17.26,17.32,,,,,,,
22/07/2024,17.91,17.72,17.27,17.33,,,,,,,
23/07/2024,18.10,17.74,17.28,17.33,,,,,,,
24/07/2024,18.35,17.78,17.30,17.33,,,,,,,
25/07/2024,18.39,17.81,17.31,17.33,,,,,,,
26/07/2024,18.45,17.85,17.32,17.33,,,,,,,
29/07/2024,18.68,17.89,17.34,17.33,,,,,,,
30/07/2024,18.79,17.93,17.36,17.34,,,,,,,
31/07/2024,18.60,17.97,17.38,17.34,,,,,,,
01/08/2024,18.71,18.01,17.40,17.34,,,,,,,
02/08/2024,19.04,18.06,17.42,17.35,,,,,,,
05/08/2024,19.39,18.11,17.44,17.36,,,,,,,
06/08/2024,19.33,18.17,17.47,17.36,,,,,,,
07/08/2024,19.19,18.21,17.50,17.37,,,,,,,
08/08/2024,19.09,18.25,17.52,17.37,,,,,,,
09/08/2024,18.84,18.29,17.54,17.37,,,,,,,
12/08/2024,19.03,18.32,17.56,17.38,,,,,,,
13/08/2024,19.04,18.34,17.59,17.38,,,,,,,
14/08/2024,18.85,18.37,17.61,17.39,,,,,,,
15/08/2024,18.65,18.39,17.63,17.39,,,,,,,
16/08/2024,18.62,18.40,17.65,17.39,,,,,,,
19/08/2024,18.74,18.40,17.67,17.39,,,,,,,
20/08/2024,18.94,18.41,17.69,17.40,,,,,,,
21/08/2024,19.25,18.42,17.72,17.41,,,,,,,
22/08/2024,19.42,18.44,17.75,17.42,,,,,,,
23/08/2024,19.07,18.45,17.77,17.42,,,,,,,
26/08/2024,19.38,18.47,17.80,17.43,,,,,,,
27/08/2024,19.67,18.50,17.83,17.44,,,,,,,
28/08/2024,19.60,18.52,17.87,17.45,,,,,,,
29/08/2024,19.82,18.55,17.90,17.46,,,,,,,
30/08/2024,19.65,18.58,17.93,17.47,,,,,,,
02/09/2024,19.80,18.61,17.96,17.49,,,,,,,
03/09/2024,19.83,18.65,17.99,17.50,,,,,,,
04/09/2024,19.85,18.68,18.02,17.51,,,,,,,
05/09/2024,20.00,18.71,18.05,17.53,,,,,,,
06/09/2024,20.02,18.75,18.08,17.54,,,,,,,
09/09/2024,19.88,18.78,18.11,17.55,,,,,,,
10/09/2024,20.06,18.81,18.14,17.57,,,,,,,
11/09/2024,19.84,18.85,18.17,17.58,,,,,,,
12/09/2024,19.59,18.88,18.19,17.59,,,,,,,
13/09/2024,19.25,18.90,18.21,17.60,,,,,,,
17/09/2024,19.27,18.93,18.23,17.61,,,,,,,
18/09/2024,19.30,18.95,18.25,17.62,,,,,,,
19/09/2024,19.28,18.98,18.28,17.63,,,,,,,
20/09/2024,19.37,19.01,18.30,17.64,,,,,,,
23/09/2024,19.42,19.05,18.33,17.65,,,,,,,
24/09/2024,19.36,19.08,18.35,17.66,,,,,,,
25/09/2024,19.59,19.12,18.38,17.67,,,,,,,
26/09/2024,19.63,19.16,18.40,17.69,,,,,,,
27/09/2024,19.67,19.19,18.43,17.70,,,,,,,
30/09/2024,19.64,19.22,18.46,17.71,,,,,,,
02/10/2024,19.39,19.25,18.49,17.72,,,,,,,
03/10/2024,19.47,19.28,18.51,17.73,,,,,,,
04/10/2024,19.21,19.30,18.54,17.74,,,,,,,
07/10/2024,19.34,19.32,18.56,17.75,,,,,,,
08/10/2024,19.35,19.34,18.59,17.76,,,,,,,
09/10/2024,19.42,19.35,18.62,17.77,,,,,,,
10/10/2024,19.51,19.37,18.65,17.79,,,,,,,
11/10/2024,19.40,19.38,18.68,17.80,,,,,,,
14/10/2024,19.34,19.39,18.70,17.81,,,,,,,
15/10/2024,19.62,19.41,18.73,17.83,,,,,,,
16/10/2024,19.89,19.42,18.76,17.84,,,,,,,
17/10/2024,19.93,19.43,18.80,17.85,,,,,,,
18/10/2024,19.83,19.44,18.83,17.87,,,,,,,
21/10/2024,20.01,19.46,18.86,17.88,,,,,,,
22/10/2024,19.90,19.48,18.88,17.90,,,,,,,
23/10/2024,19.93,19.50,18.91,17.91,,,,,,,
24/10/2024,19.84,19.51,18.93,17.93,,,,,,,
25/10/2024,19.93,19.54,18.95,17.94,,,,,,,
28/10/2024,20.00,19.56,18.98,17.96,,,,,,,
29/10/2024,20.02,19.59,18.99,17.97,,,,,,,
30/10/2024,20.16,19.62,19.01,17.99,,,,,,,
31/10/2024,20.04,19.64,19.03,18.01,,,,,,,
01/11/2024,20.09,19.66,19.04,18.02,,,,,,,
04/11/2024,20.04,19.67,19.06,18.03,,,,,,,
05/11/2024,20.27,19.69,19.07,18.05,,,,,,,
06/11/2024,20.31,19.71,19.09,18.06,,,,,,,
07/11/2024,19.83,19.72,19.11,18.08,,,,,,,
08/11/2024,20.13,19.73,19.12,18.09,,,,,,,
11/11/2024,20.45,19.74,19.14,18.11,,,,,,,
12/11/2024,20.57,19.76,19.17,18.13,,,,,,,
13/11/2024,20.60,19.77,19.19,18.14,,,,,,,
14/11/2024,20.49,19.79,19.22,18.16,,,,,,,
15/11/2024,20.39,19.80,19.24,18.17,,,,,,,
19/11/2024,20.18,19.80,19.26,18.19,,,,,,,
20/11/2024,20.29,19.81,19.28,18.21,,,,,,,
21/11/2024,20.38,19.82,19.30,18.22,,,,,,,
22/11/2024,20.49,19.82,19.32,18.24,,,,,,,
25/11/2024,20.30,19.83,19.34,18.26,,,,,,,
26/11/2024,20.72,19.86,19.37,18.27,,,,,,,
27/11/2024,20.64,19.88,19.39,18.29,,,,,,,
28/11/2024,20.42,19.91,19.42,18.31,,,,,,,
29/11/2024,20.32,19.93,19.44,18.32,,,,,,,
02/12/2024,20.44,19.95,19.47,18.34,,,,,,,
03/12/2024,20.32,19.97,19.49,18.36,,,,,,,
04/12/2024,20.28,19.99,19.52,18.37,,,,,,,
05/12/2024,20.20,20.00,19.54,18.39,,,,,,,
06/12/2024,20.23,20.02,19.57,18.40,,,,,,,
09/12/2024,20.15,20.03,19.59,18.42,,,,,,,
10/12/2024,20.25,20.04,19.62,18.44,,,,,,,
11/12/2024,20.16,20.05,19.64,18.45,,,,,,,
13/12/2024,20.14,20.06,19.66,18.47,,,,,,,
16/12/2024,20.14,20.08,19.68,18.48,,,,,,,
17/12/2024,20.24,20.10,19.70,18.50,,,,,,,
18/12/2024,20.14,20.11,19.72,18.51,,,,,,,
19/12/2024,20.44,20.14,19.74,18.53,,,,,,,
20/12/2024,20.10,20.15,19.75,18.55,,,,,,,
23/12/2024,20.19,20.16,19.76,18.56,,,,,,,
24/12/2024,20.16,20.18,19.78,18.58,,,,,,,
26/12/2024,20.17,20.20,19.79,18.60,,,,,,,
27/12/2024,20.27,20.21,19.81,18.61,,,,,,,
30/12/2024,20.51,20.22,19.82,18.63,,,,,,,
31/12/2024,20.79,20.24,19.83,18.65,,,,,,,
02/01/2025,20.69,20.26,19.85,18.67,,,,,,,
03/01/2025,20.67,20.27,19.86,18.69,,,,,,,
06/01/2025,20.32,20.28,19.88,18.71,,,,,,,
07/01/2025,20.34,20.28,19.89,18.73,,,,,,,
08/01/2025,20.38,20.30,19.90,18.74,,,,,,,
09/01/2025,20.47,20.31,19.92,18.76,,,,,,,
10/01/2025,20.70,20.32,19.94,18.78,,,,,,,
13/01/2025,20.80,20.34,19.96,18.80,,,,,,,
14/01/2025,20.48,20.34,19.98,18.82,,,,,,,
15/01/2025,20.49,20.35,20.00,18.84,,,,,,,
16/01/2025,20.77,20.37,20.01,18.86,,,,,,,
17/01/2025,20.72,20.38,20.02,18.89,,,,,,,
20/01/2025,20.54,20.38,20.04,18.91,,,,,,,
21/01/2025,20.64,20.39,20.05,18.93,,,,,,,
22/01/2025,20.54,20.41,20.06,18.95,,,,,,,
23/01/2025,20.39,20.41,20.07,18.97,,,,,,,
24/01/2025,20.23,20.41,20.07,18.99,,,,,,,
27/01/2025,20.70,20.41,20.08,19.01,,,,,,,
28/01/2025,20.57,20.41,20.09,19.03,,,,,,,
29/01/2025,20.57,20.41,20.10,19.05,,,,,,,
30/01/2025,20.45,20.41,20.10,19.06,,,,,,,
31/01/2025,20.61,20.42,20.11,19.08,,,,,,,
04/02/2025,20.43,20.42,20.11,19.10,,,,,,,
05/02/2025,20.64,20.43,20.12,19.11,,,,,,,
06/02/2025,20.51,20.43,20.13,19.13,,,,,,,
07/02/2025,20.55,20.43,20.13,19.15,,,,,,,
10/02/2025,20.67,20.43,20.14,19.17,,,,,,,
11/02/2025,20.57,20.43,20.16,19.18,,,,,,,
12/02/2025,20.49,20.43,20.17,19.20,,,,,,,
13/02/2025,20.50,20.44,20.18,19.22,,,,,,,
14/02/2025,20.31,20.43,20.19,19.23,,,,,,,
17/02/2025,20.28,20.43,20.20,19.25,,,,,,,
18/02/2025,20.26,20.43,20.21,19.27,,,,,,,
19/02/2025,20.42,20.44,20.22,19.28,,,,,,,
20/02/2025,20.37,20.44,20.23,19.30,,,,,,,
21/02/2025,20.34,20.44,20.24,19.32,,,,,,,
24/02/2025,20.46,20.45,20.24,19.34,,,,,,,
25/02/2025,20.47,20.45,20.25,19.36,,,,,,,
26/02/2025,20.43,20.46,20.26,19.37,,,,,,,
27/02/2025,20.47,20.47,20.27,19.39,,,,,,,
28/02/2025,20.51,20.47,20.28,19.41,,,,,,,
03/03/2025,20.43,20.48,20.30,19.43,,,,,,,
04/03/2025,20.85,20.48,20.31,19.45,,,,,,,
05/03/2025,20.39,20.49,20.32,19.47,,,,,,,
06/03/2025,20.28,20.49,20.33,19.49,,,,,,,
07/03/2025,20.28,20.49,20.34,19.51,,,,,,,
10/03/2025,20.29,20.50,20.35,19.52,,,,,,,
11/03/2025,20.34,20.50,20.35,19.54,,,,,,,
12/03/2025,20.18,20.49,20.36,19.56,,,,,,,
13/03/2025,20.08,20.48,20.36,19.58,,,,,,,
14/03/2025,19.87,20.46,20.36,19.59,,,,,,,
18/03/2025,19.98,20.45,20.36,19.61,,,,,,,
19/03/2025,20.06,20.44,20.36,19.62,,,,,,,
20/03/2025,20.13,20.44,20.36,19.63,,,,,,,
21/03/2025,20.22,20.43,20.37,19.65,,,,,,,
24/03/2025,20.11,20.43,20.37,19.66,,,,,,,
25/03/2025,20.08,20.42,20.37,19.67,,,,,,,
26/03/2025,20.10,20.40,20.37,19.68,,,,,,,
27/03/2025,20.32,20.40,20.37,19.69,,,,,,,
28/03/2025,20.40,20.40,20.37,19.70,,,,,,,
31/03/2025,20.44,20.39,20.38,19.71,,,,,,,
01/04/2025,20.36,20.38,20.38,19.72,,,,,,,
02/04/2025,20.46,20.38,20.38,19.73,,,,,,,
03/04/2025,19.97,20.37,20.38,19.74,,,,,,,
04/04/2025,20.50,20.37,20.39,19.75,,,,,,,
07/04/2025,20.69,20.37,20.39,19.76,,,,,,,
08/04/2025,20.69,20.38,20.39,19.77,,,,,,,
09/04/2025,20.77,20.38,20.40,19.78,,,,,,,
10/04/2025,20.49,20.38,20.39,19.79,,,,,,,
11/04/2025,20.34,20.38,20.39,19.81,,,,,,,
14/04/2025,20.10,20.37,20.39,19.81,,,,,,,
15/04/2025,20.02,20.36,20.39,19.82,,,,,,,
16/04/2025,19.97,20.35,20.39,19.83,,,,,,,
21/04/2025,19.67,20.33,20.38,19.84,,,,,,,
22/04/2025,19.57,20.31,20.37,19.84,,,,,,,
23/04/2025,19.63,20.29,20.36,19.85,,,,,,,
24/04/2025,19.58,20.27,20.35,19.86,,,,,,,
25/04/2025,19.55,20.25,20.34,19.87,,,,,,,
28/04/2025,19.57,20.23,20.33,19.87,,,,,,,
29/04/2025,19.59,20.21,20.32,19.88,,,,,,,
30/04/2025,19.61,20.20,20.32,19.89,,,,,,,
02/05/2025,19.66,20.19,20.31,19.90,,,,,,,
05/05/2025,19.64,20.17,20.30,19.91,,,,,,,
06/05/2025,19.68,20.16,20.30,19.92,,,,,,,
07/05/2025,19.59,20.14,20.29,19.93,,,,,,,
08/05/2025,19.56,20.13,20.29,19.94,,,,,,,
09/05/2025,19.49,20.11,20.28,19.95,,,,,,,
12/05/2025,19.62,20.09,20.27,19.95,,,,,,,
13/05/2025,19.44,20.07,20.27,19.96,,,,,,,
14/05/2025,19.36,20.05,20.26,19.97,,,,,,,
15/05/2025,19.48,20.03,20.25,19.97,,,,,,,
16/05/2025,19.51,20.01,20.24,19.98,,,,,,,
19/05/2025,19.37,19.98,20.23,19.98,,,,,,,
20/05/2025,19.26,19.96,20.22,19.99,,,,,,,
21/05/2025,19.32,19.94,20.22,19.99,,,,,,,
22/05/2025,19.32,19.92,20.21,19.99,,,,,,,
23/05/2025,19.27,19.90,20.20,20.00,,,,,,,
26/05/2025,19.22,19.88,20.19,20.00,,,,,,,
27/05/2025,19.23,19.86,20.18,20.00,,,,,,,
28/05/2025,19.40,19.85,20.16,20.00,,,,,,,
29/05/2025,19.33,19.83,20.15,20.00,,,,,,,
30/05/2025,19.39,19.82,20.14,20.00,,,,,,,
02/06/2025,19.23,19.81,20.12,20.00,,,,,,,
03/06/2025,19.26,19.79,20.11,20.00,,,,,,,
04/06/2025,19.19,19.77,20.10,20.00,,,,,,,
05/06/2025,19.17,19.75,20.09,20.00,,,,,,,
06/06/2025,19.13,19.73,20.07,20.01,,,,,,,
09/06/2025,19.06,19.71,20.06,20.01,,,,,,,
10/06/2025,19.05,19.68,20.04,20.01,,,,,,,
11/06/2025,18.88,19.65,20.02,20.01,,,,,,,
12/06/2025,18.91,19.62,20.01,20.01,,,,,,,
13/06/2025,18.93,19.59,19.99,20.01,,,,,,,
16/06/2025,18.91,19.56,19.97,20.01,,,,,,,
17/06/2025,18.99,19.54,19.96,20.00,,,,,,,
18/06/2025,19.00,19.51,19.94,20.00,,,,,,,
19/06/2025,19.09,19.48,19.93,20.00,,,,,,,
20/06/2025,19.15,19.45,19.92,19.99,,,,,,,
23/06/2025,19.15,19.42,19.90,19.99,,,,,,,
24/06/2025,19.03,19.39,19.89,19.99,,,,,,,
25/06/2025,18.92,19.36,19.87,19.98,,,,,,,
26/06/2025,18.89,19.34,19.85,19.98,,,,,,,
27/06/2025,18.85,19.31,19.84,19.97,,,,,,,
30/06/2025,18.83,19.29,19.82,19.97,,,,,,,
01/07/2025,18.77,19.27,19.80,19.96,,,,,,,
02/07/2025,18.75,19.26,19.78,19.95,,,,,,,
03/07/2025,18.67,19.24,19.76,19.95,,,,,,,
04/07/2025,18.63,19.22,19.74,19.94,,,,,,,
07/07/2025,18.67,19.20,19.73,19.94,,,,,,,
08/07/2025,18.71,19.18,19.71,19.94,,,,,,,
09/07/2025,18.57,19.16,19.69,19.93,,,,,,,
10/07/2025,18.63,19.14,19.67,19.93,,,,,,,
11/07/2025,18.66,19.12,19.66,19.93,,,,,,,
14/07/2025,18.75,19.11,19.64,19.92,,,,,,,
15/07/2025,18.84,19.09,19.62,19.92,,,,,,,
16/07/2025,18.72,19.07,19.61,19.92,,,,,,,
17/07/2025,18.77,19.06,19.59,19.91,,,,,,,
18/07/2025,18.72,19.04,19.57,19.91,,,,,,,
21/07/2025,18.65,19.02,19.56,19.90,,,,,,,
22/07/2025,18.62,19.00,19.54,19.90,,,,,,,
23/07/2025,18.57,18.99,19.52,19.90,,,,,,,
24/07/2025,18.55,18.97,19.50,19.89,,,,,,,
25/07/2025,18.56,18.95,19.48,19.89,,,,,,,
28/07/2025,18.73,18.94,19.46,19.89,,,,,,,
29/07/2025,18.76,18.93,19.44,19.88,,,,,,,
30/07/2025,18.80,18.92,19.43,19.88,,,,,,,
31/07/2025,18.80,18.91,19.41,19.88,,,,,,,
01/08/2025,18.92,18.90,19.40,19.87,,,,,,,
04/08/2025,18.88,18.89,19.39,19.87,,,,,,,
05/08/2025,18.76,18.88,19.37,19.86,,,,,,,
06/08/2025,18.62,18.87,19.36,19.86,,,,,,,
07/08/2025,18.68,18.86,19.34,19.85,,,,,,,
08/08/2025,18.55,18.84,19.33,19.84,,,,,,,
11/08/2025,18.67,18.83,19.32,19.84,,,,,,,
12/08/2025,18.57,18.81,19.30,19.83,,,,,,,
13/08/2025,18.64,18.80,19.29,19.83,,,,,,,
14/08/2025,18.81,18.79,19.27,19.82,,,,,,,
15/08/2025,18.73,18.79,19.26,19.81,,,,,,,
18/08/2025,18.78,18.78,19.25,19.81,,,,,,,
19/08/2025,18.80,18.78,19.23,19.80,,,,,,,
20/08/2025,18.76,18.77,19.21,19.79,,,,,,,
21/08/2025,18.77,18.77,19.20,19.79,,,,,,,
22/08/2025,18.60,18.76,19.18,19.78,,,,,,,
25/08/2025,18.64,18.76,19.16,19.77,,,,,,,
26/08/2025,18.68,18.75,19.15,19.76,,,,,,,
27/08/2025,18.69,18.75,19.13,19.76,,,,,,,
28/08/2025,18.65,18.74,19.11,19.75,,,,,,,
29/08/2025,18.64,18.73,19.09,19.74,,,,,,,
01/09/2025,18.65,18.72,19.07,19.73,,,,,,,
02/09/2025,18.71,18.71,19.05,19.72,,,,,,,
03/09/2025,18.69,18.71,19.03,19.71,,,,,,,
04/09/2025,18.76,18.70,19.02,19.71,,,,,,,
05/09/2025,18.68,18.70,19.01,19.70,,,,,,,
08/09/2025,18.66,18.70,18.99,19.69,,,,,,,
09/09/2025,18.64,18.69,18.98,19.68,,,,,,,
10/09/2025,18.59,18.69,18.97,19.67,,,,,,,
11/09/2025,18.53,18.69,18.96,19.66,,,,,,,
12/09/2025,18.48,18.69,18.95,19.65,,,,,,,
15/09/2025,18.36,18.68,18.94,19.64,,,,,,,
17/09/2025,18.33,18.67,18.93,19.63,,,,,,,
18/09/2025,18.36,18.67,18.92,19.62,,,,,,,
19/09/2025,18.39,18.66,18.90,19.61,,,,,,,
22/09/2025,18.41,18.66,18.89,19.60,,,,,,,
23/09/2025,18.32,18.65,18.88,19.59,,,,,,,
24/09/2025,18.43,18.64,18.86,19.58,,,,,,,
25/09/2025,18.45,18.64,18.85,19.57,,,,,,,
26/09/2025,18.38,18.63,18.84,19.56,,,,,,,
29/09/2025,18.35,18.62,18.83,19.55,,,,,,,
30/09/2025,18.33,18.61,18.82,19.54,,,,,,,
01/10/2025,18.35,18.61,18.81,19.54,,,,,,,
02/10/2025,18.48,18.61,18.80,19.53,,,,,,,
03/10/2025,18.39,18.60,18.79,19.52,,,,,,,
06/10/2025,18.35,18.60,18.78,19.51,,,,,,,
07/10/2025,18.38,18.59,18.77,19.50,,,,,,,
08/10/2025,18.35,18.58,18.76,19.49,,,,,,,
09/10/2025,18.38,18.58,18.75,19.48,,,,,,,
10/10/2025,18.56,18.57,18.74,19.47,,,,,,,
13/10/2025,18.44,18.56,18.73,19.46,,,,,,,
14/10/2025,18.52,18.55,18.72,19.46,,,,,,,
15/10/2025,18.48,18.55,18.72,19.45,,,,,,,
16/10/2025,18.41,18.54,18.71,19.43,,,,,,,
17/10/2025,18.41,18.54,18.70,19.42,,,,,,,
20/10/2025,18.40,18.54,18.69,19.41,,,,,,,
21/10/2025,18.43,18.53,18.68,19.40,,,,,,,
22/10/2025,18.43,18.53,18.67,19.39,,,,,,,
23/10/2025,18.40,18.52,18.66,19.38,,,,,,,
24/10/2025,18.39,18.52,18.66,19.37,,,,,,,
27/10/2025,18.39,18.51,18.65,19.36,,,,,,,
28/10/2025,18.41,18.50,18.64,19.35,,,,,,,
29/10/2025,18.41,18.49,18.63,19.34,,,,,,,
30/10/2025,18.54,18.49,18.63,19.33,,,,,,,
31/10/2025,18.57,18.49,18.63,19.32,,,,,,,
03/11/2025,18.48,18.48,18.62,19.31,,,,,,,
04/11/2025,18.61,18.48,18.62,19.30,,,,,,,
05/11/2025,18.59,18.48,18.62,19.29,,,,,,,
06/11/2025,18.62,18.48,18.61,19.28,,,,,,,
07/11/2025,18.50,18.48,18.61,19.27,,,,,,,
10/11/2025,18.39,18.47,18.60,19.26,,,,,,,
11/11/2025,18.33,18.47,18.59,19.25,,,,,,,
12/11/2025,18.30,18.46,18.58,19.23,,,,,,,
13/11/2025,18.28,18.45,18.58,19.22,,,,,,,
14/11/2025,18.33,18.44,18.57,19.21,,,,,,,
18/11/2025,18.37,18.43,18.57,19.20,,,,,,,
19/11/2025,18.34,18.43,18.56,19.19,,,,,,,
20/11/2025,18.36,18.42,18.56,19.18,,,,,,,
21/11/2025,18.50,18.42,18.56,19.17,,,,,,,
24/11/2025,18.50,18.42,18.55,19.16,,,,,,,
25/11/2025,18.43,18.42,18.55,19.15,,,,,,,
26/11/2025,18.36,18.42,18.55,19.14,,,,,,,
27/11/2025,18.35,18.42,18.55,19.13,,,,,,,
28/11/2025,18.31,18.42,18.54,19.12,,,,,,,
01/12/2025,18.28,18.42,18.54,19.11,,,,,,,
02/12/2025,18.29,18.41,18.54,19.10,,,,,,,
03/12/2025,18.26,18.41,18.53,19.09,,,,,,,
04/12/2025,18.23,18.41,18.52,19.07,,,,,,,
05/12/2025,18.19,18.40,18.52,19.06,,,,,,,
08/12/2025,18.24,18.40,18.51,19.05,,,,,,,
09/12/2025,18.19,18.40,18.51,19.04,,,,,,,
10/12/2025,18.21,18.39,18.50,19.03,,,,,,,
11/12/2025,18.05,18.39,18.50,19.02,,,,,,,
15/12/2025,17.99,18.38,18.49,19.01,,,,,,,
16/12/2025,17.95,18.37,18.49,18.99,,,,,,,
17/12/2025,18.02,18.36,18.48,18.98,,,,,,,
18/12/2025,17.98,18.36,18.47,18.97,,,,,,,
19/12/2025,18.01,18.35,18.47,18.95,,,,,,,
22/12/2025,17.98,18.34,18.46,18.94,,,,,,,
23/12/2025,17.93,18.33,18.45,18.93,,,,,,,
24/12/2025,17.92,18.32,18.44,18.92,,,,,,,
26/12/2025,17.90,18.31,18.43,18.91,,,,,,,
29/12/2025,17.97,18.29,18.42,18.90,,,,,,,
30/12/2025,17.95,18.29,18.42,18.89,,,,,,,
31/12/2025,18.00,18.28,18.41,18.88,,,,,,,
02/01/2026,17.88,18.27,18.40,18.87,,,,,,,
05/01/2026,17.89,18.26,18.39,18.86,,,,,,,
06/01/2026,17.97,18.25,18.39,18.84,,,,,,,
07/01/2026,17.96,18.24,18.38,18.83,,,,,,,
08/01/2026,17.98,18.23,18.37,18.82,,,,,,,
09/01/2026,17.98,18.22,18.37,18.81,,,,,,,
12/01/2026,17.91,18.21,18.36,18.80,,,,,,,
13/01/2026,17.85,18.20,18.35,18.79,,,,,,,
14/01/2026,17.82,18.19,18.34,18.78,,,,,,,
15/01/2026,17.69,18.17,18.33,18.76,,,,,,,
16/01/2026,17.69,18.15,18.32,18.75,,,,,,,
19/01/2026,17.60,18.13,18.31,18.73,,,,,,,
20/01/2026,17.60,18.11,18.30,18.72,,,,,,,
21/01/2026,17.45,18.09,18.28,18.71,,,,,,,
22/01/2026,17.48,18.07,18.27,18.69,,,,,,,
23/01/2026,17.45,18.05,18.26,18.68,,,,,,,
26/01/2026,17.28,18.03,18.25,18.66,,,,,,,
27/01/2026,17.24,18.01,18.23,18.64,,,,,,,
28/01/2026,17.23,17.99,18.22,18.63,,,,,,,
29/01/2026,17.25,17.97,18.20,18.61,,,,,,,
30/01/2026,17.33,17.94,18.19,18.60,,,,,,,
03/02/2026,17.24,17.92,18.18,18.58,,,,,,,
04/02/2026,17.29,17.90,18.16,18.57,,,,,,,
05/02/2026,17.41,17.88,18.15,18.56,,,,,,,
06/02/2026,17.30,17.86,18.14,18.55,,,,,,,
09/02/2026,17.19,17.83,18.12,18.54,,,,,,,
10/02/2026,17.23,17.81,18.11,18.53,,,,,,,
11/02/2026,17.22,17.79,18.10,18.51,,,,,,,
12/02/2026,17.20,17.76,18.09,18.50,,,,,,,
13/02/2026,17.18,17.74,18.08,18.49,,,,,,,
16/02/2026,17.17,17.72,18.07,18.48,,,,,,,
17/02/2026,17.18,17.70,18.05,18.47,,,,,,,
18/02/2026,17.14,17.68,18.04,18.45,,,,,,,
19/02/2026,17.27,17.66,18.03,18.44,,,,,,,
20/02/2026,17.17,17.64,18.02,18.43,,,,,,,
23/02/2026,17.22,17.62,18.01,18.42,,,,,,,
24/02/2026,17.19,17.60,18.00,18.41,,,,,,,
25/02/2026,17.17,17.58,17.98,18.39,,,,,,,
26/02/2026,17.26,17.56,17.97,18.38,,,,,,,
27/02/2026,17.22,17.55,17.96,18.37,,,,,,,
02/03/2026,17.35,17.54,17.95,18.36,,,,,,,
03/03/2026,17.72,17.53,17.94,18.35,,,,,,,
04/03/2026,17.54,17.52,17.93,18.35,,,,,,,
05/03/2026,17.68,17.52,17.93,18.34,,,,,,,
06/03/2026,17.80,17.51,17.92,18.33,,,,,,,
09/03/2026,17.77,17.51,17.91,18.32,,,,,,,
10/03/2026,17.50,17.50,17.90,18.31,,,,,,,
11/03/2026,17.65,17.49,17.89,18.31,,,,,,,
12/03/2026,17.84,17.49,17.89,18.30,,,,,,,
13/03/2026,17.92,17.49,17.88,18.29,,,,,,,
17/03/2026,17.69,17.49,17.88,18.28,,,,,,,
18/03/2026,17.67,17.48,17.87,18.27,,,,,,,
19/03/2026,17.81,17.48,17.86,18.27,,,,,,,
20/03/2026,17.90,17.48,17.86,18.26,,,,,,,
23/03/2026,17.78,17.47,17.85,18.25,,,,,,,
24/03/2026,17.80,17.47,17.85,18.25,,,,,,,
25/03/2026,17.75,17.47,17.84,18.24,,,,,,,
26/03/2026,17.80,17.47,17.83,18.23,,,,,,,
27/03/2026,18.07,17.47,17.83,18.23,,,,,,,
30/03/2026,18.10,17.48,17.82,18.23,,,,,,,
31/03/2026,18.00,17.49,17.82,18.22,,,,,,,
01/04/2026,17.81,17.49,17.81,18.22,,,,,,,
06/04/2026,17.79,17.49,17.80,18.21,,,,,,,
07/04/2026,17.76,17.50,17.79,18.20,,,,,,,
08/04/2026,17.42,17.50,17.78,18.20,,,,,,,
09/04/2026,17.36,17.50,17.77,18.19,,,,,,,
10/04/2026,17.30,17.50,17.76,18.18,,,,,,,
13/04/2026,17.35,17.50,17.75,18.17,,,,,,,
14/04/2026,17.27,17.50,17.74,18.16,,,,,,,
15/04/2026,17.26,17.50,17.73,18.15,,,,,,,
16/04/2026,17.27,17.50,17.72,18.14,,,,,,,
17/04/2026,17.24,17.50,17.71,18.14,,,,,,,
20/04/2026,17.32,17.50,17.70,18.13,,,,,,,
21/04/2026,17.33,17.50,17.69,18.12,,,,,,,
,,,,,,,,,,,
,,,,,,,,,,,
,,,,,,,,,,,
,,,,,,,,,,,
,,,,,,,,,,,
,,,,,,,,,,,
,,,,,,,,,,,
,,,,,,,,,,,
,,,,,,,,,,,
,,,,,,,,,,,
,,,,,,,,,,,
,,,,,,,,,,,
,,,,,,,,,,,
,,,,,,,,,,,
,,,,,,,,,,,
,,,,,,,,,,,
,,,,,,,,,,,
,,,,,,,,,,,
,,,,,,,,,,,
,,,,,,,,,,,
,,,,,,,,,,,
,,,,,,,,,,,
,,,,,,,,,,,
,,,,,,,,,,,
,,,,,,,,,,,
,,,,,,,,,,,
,,,,,,,,,,,
,,,,,,,,,,,
,,,,,,,,,,,
,,,,,,,,,,,
,,,,,,,,,,,
,,,,,,,,,,,
,,,,,,,,,,,
,,,,,,,,,,,
,,,,,,,,,,,
,,,,,,,,,,,
,,,,,,,,,,,
,,,,,,,,,,,
,,,,,,,,,,,
,,,,,,,,,,,
,,,,,,,,,,,
,,,,,,,,,,,
,,,,,,,,,,,
,,,,,,,,,,,
,,,,,,,,,,,
,,,,,,,,,,,
,,,,,,,,,,,
,,,,,,,,,,,
,,,,,,,,,,,
,,,,,,,,,,,
,,,,,,,,,,,
,,,,,,,,,,,
,,,,,,,,,,,
,,,,,,,,,,,
,,,,,,,,,,,
,,,,,,,,,,,
,,,,,,,,,,,
,,,,,,,,,,,
,,,,,,,,,,,
,,,,,,,,,,,
,,,,,,,,,,,
,,,,,,,,,,,
,,,,,,,,,,,
,,,,,,,,,,,
,,,,,,,,,,,
,,,,,,,,,,,
,,,,,,,,,,,
,,,,,,,,,,,
,,,,,,,,,,,
,,,,,,,,,,,
,,,,,,,,,,,
,,,,,,,,,,,
,,,,,,,,,,,
,,,,,,,,,,,
,,,,,,,,,,,
,,,,,,,,,,,
,,,,,,,,,,,
,,,,,,,,,,,
,,,,,,,,,,,
,,,,,,,,,,,
,,,,,,,,,,,
,,,,,,,,,,,
,,,,,,,,,,,
,,,,,,,,,,,
,,,,,,,,,,,
,,,,,,,,,,,
,,,,,,,,,,,
,,,,,,,,,,,
,,,,,,,,,,,
,,,,,,,,,,,
,,,,,,,,,,,
,,,,,,,,,,,
,,,,,,,,,,,
,,,,,,,,,,,
,,,,,,,,,,,
,,,,,,,,,,,
,,,,,,,,,,,
,,,,,,,,,,,
,,,,,,,,,,,
,,,,,,,,,,,
,,,,,,,,,,,
,,,,,,,,,,,
,,,,,,,,,,,
,,,,,,,,,,,
,,,,,,,,,,,
,,,,,,,,,,,
,,,,,,,,,,,
,,,,,,,,,,,
,,,,,,,,,,,
,,,,,,,,,,,
,,,,,,,,,,,
,,,,,,,,,,,
,,,,,,,,,,,
,,,,,,,,,,,
,,,,,,,,,,,
,,,,,,,,,,,
,,,,,,,,,,,
,,,,,,,,,,,
,,,,,,,,,,,
,,,,,,,,,,,
,,,,,,,,,,,
,,,,,,,,,,,
,,,,,,,,,,,
,,,,,,,,,,,
,,,,,,,,,,,
,,,,,,,,,,,
,,,,,,,,,,,
,,,,,,,,,,,
,,,,,,,,,,,
,,,,,,,,,,,
,,,,,,,,,,,
,,,,,,,,,,,
,,,,,,,,,,,
,,,,,,,,,,,
,,,,,,,,,,,
