Fecha,U.S.,,Fecha,Texas,California,Florida,,Región,Último dato,Cambio YoY,Cambio MoM
1/1/2020,951713,,1/1/2020,86007,51831,129170,,U.S.,1161615,59609,21580
2/1/2020,928373,,2/1/2020,85286,51455,129210,,Texas,137129,1164,-925
3/1/2020,937352,,3/1/2020,88824,52489,129064,,California,74607,472,711
4/1/2020,941760,,4/1/2020,88888,54869,129972,,Florida,146478,-15462,-499
5/1/2020,928393,,5/1/2020,86731,57818,125101,,Miami-Dade County,17010,-1454,503
6/1/2020,871581,,6/1/2020,79079,54730,114937,,Broward County,14329,-2009,59
7/1/2020,822850,,7/1/2020,74651,50226,106592,,Palm Beach County,9942,-2290,-275
8/1/2020,779568,,8/1/2020,70501,47061,100556,,Hillsborough County,6284,-128,17
9/1/2020,749404,,9/1/2020,65707,47014,95404,,Orange County,5554,-49,-23
10/1/2020,734047,,10/1/2020,63053,47793,93553,,,,,
11/1/2020,683830,,11/1/2020,59392,44523,91402,,,,,
12/1/2020,612307,,12/1/2020,54108,36847,86812,,,,,
1/1/2021,531779,,1/1/2021,47616,30995,77534,,,,,
2/1/2021,464923,,2/1/2021,40924,29404,66242,,,,,
3/1/2021,440591,,3/1/2021,38024,29422,56290,,,,,
4/1/2021,435667,,4/1/2021,35997,30689,50741,,,,,
5/1/2021,447671,,5/1/2021,36222,32106,47360,,,,,
6/1/2021,492434,,6/1/2021,39770,34887,47829,,,,,
7/1/2021,546700,,7/1/2021,45796,39163,51689,,,,,
8/1/2021,574651,,8/1/2021,50358,40208,53233,,,,,
9/1/2021,578081,,9/1/2021,50465,40067,53143,,,,,
10/1/2021,565718,,10/1/2021,48982,39135,52088,,,,,
11/1/2021,512252,,11/1/2021,46035,33635,48959,,,,,
12/1/2021,445310,,12/1/2021,41799,26612,45302,,,,,
1/1/2022,376973,,1/1/2022,36614,22698,39961,,,,,
2/1/2022,346515,,2/1/2022,33022,23715,35586,,,,,
3/1/2022,354019,,3/1/2022,32738,26338,35653,,,,,
4/1/2022,379981,,4/1/2022,34932,29492,38096,,,,,
5/1/2022,479470,,5/1/2022,44106,40426,47510,,,,,
6/1/2022,573662,,6/1/2022,54808,48883,58237,,,,,
7/1/2022,691667,,7/1/2022,68581,59196,73645,,,,,
8/1/2022,726798,,8/1/2022,76269,59973,80072,,,,,
9/1/2022,731515,,9/1/2022,77895,58145,81829,,,,,
10/1/2022,752753,,10/1/2022,81393,58449,84323,,,,,
11/1/2022,750214,,11/1/2022,83035,56046,89633,,,,,
12/1/2022,680932,,12/1/2022,77929,46827,89502,,,,,
1/1/2023,616870,,1/1/2023,72413,40126,87717,,,,,
2/1/2023,579269,,2/1/2023,69100,36953,86381,,,,,
3/1/2023,562454,,3/1/2023,68522,34821,83982,,,,,
4/1/2023,562983,,4/1/2023,68818,33489,82355,,,,,
5/1/2023,582454,,5/1/2023,71196,35289,80912,,,,,
6/1/2023,614340,,6/1/2023,76584,37531,81676,,,,,
7/1/2023,647147,,7/1/2023,81594,39845,83090,,,,,
8/1/2023,669766,,8/1/2023,84575,41612,84883,,,,,
9/1/2023,702472,,9/1/2023,87543,43688,90722,,,,,
10/1/2023,738120,,10/1/2023,91785,45905,99874,,,,,
11/1/2023,755530,,11/1/2023,92946,46119,109378,,,,,
12/1/2023,714215,,12/1/2023,88514,40314,113490,,,,,
1/1/2024,665604,,1/1/2024,83701,36174,118163,,,,,
2/1/2024,664750,,2/1/2024,84827,36326,125963,,,,,
3/1/2024,694850,,3/1/2024,89642,38622,131880,,,,,
4/1/2024,734332,,4/1/2024,95158,42968,135258,,,,,
5/1/2024,787733,,5/1/2024,101122,48586,137535,,,,,
6/1/2024,839965,,6/1/2024,108812,53171,140079,,,,,
7/1/2024,884080,,7/1/2024,113629,57148,141334,,,,,
8/1/2024,909356,,8/1/2024,114510,58649,140872,,,,,
9/1/2024,937977,,9/1/2024,114920,61216,143943,,,,,
10/1/2024,955135,,10/1/2024,115787,61937,145659,,,,,
11/1/2024,953465,,11/1/2024,115320,60379,151958,,,,,
12/1/2024,872818,,12/1/2024,108096,50413,153054,,,,,
1/1/2025,830799,,1/1/2025,102556,47925,157223,,,,,
2/1/2025,849227,,2/1/2025,105871,52146,168727,,,,,
3/1/2025,894106,,3/1/2025,113170,57760,177010,,,,,
4/1/2025,960831,,4/1/2025,123248,64965,182593,,,,,
5/1/2025,1037684,,5/1/2025,131804,73164,181825,,,,,
6/1/2025,1084120,,6/1/2025,138262,76740,178638,,,,,
7/1/2025,1104427,,7/1/2025,140989,77997,174586,,,,,
8/1/2025,1100371,,8/1/2025,139613,76630,166560,,,,,
9/1/2025,1102006,,9/1/2025,135965,74135,161940,,,,,
10/1/2025,1101595,,10/1/2025,134503,70638,162084,,,,,
11/1/2025,1074034,,11/1/2025,131889,66255,163082,,,,,
12/1/2025,978510,,12/1/2025,122298,56016,160897,,,,,
1/1/2026,914406,,1/1/2026,115423,52040,158270,,,,,
2/1/2026,916616,,2/1/2026,117763,55170,162017,,,,,
3/1/2026,947872,,3/1/2026,122168,59515,161256,,,,,
4/1/2026,1002941,,4/1/2026,127223,65685,159856,,,,,
5/1/2026,1058694,,5/1/2026,131469,70504,156757,,,,,
6/1/2026,1102615,,6/1/2026,136503,72497,153348,,,,,
7/1/2026,1126252,,7/1/2026,137518,73565,150062,,,,,
8/1/2026,1140035,,8/1/2026,138054,73896,146977,,,,,
9/1/2026,1161615,,9/1/2026,137129,74607,146478,,,,,
,,,,,,,,,,,
,,,,,,,,,,,
,,,,,,,,,,,
